Uniprot,Seq,Label
B2RY78_MOUSE_383,EPLDESGWMIKNVLSMPIVNK,0
E9Q9L6_MOUSE_1711,ATAEWRHFIDKQVQPTMSKFE,0
B3KSZ4_HUMAN_435,TDFTPHWKQEKNGKILCEQCM,0
YKT6_MOUSE_60,RSGKGSRASVKEQEYLCHVYV,0
B4E2J2_HUMAN_126,DQFCKMPINNKMAQWGNKPIC,0
FA76B_HUMAN_96,KCQRCTNSEKKYGPPQTCEQC,0
AMOL1_HUMAN_318,GPPPEYPFKTKQMMSPVSKTQ,0
A5PKX7_HUMAN_516,VRCPSVIEFGKYEIHTWYSSP,0
AGRL2_MOUSE_1062,PGYEDNKPFIKSWVLGAFALL,0
B4DRG0_HUMAN_149,DYFEYFGPDFKLLISPSNMTN,0
TBD_HUMAN_211,LLLHENDAIHKICAKLMNIKQ,0
E9PV66_MOUSE_884,GAAGACKVGRKQFMRFEWANH,0
A8KAK5_HUMAN_629,DPCPVESKKTKRAGEMCAFNK,0
A0A090N8G0_HUMAN_136,CTMLTPEPVLKTSGHVDKFAD,0
AMPD1_MOUSE_436,IYGRSPDEWNKLSSWFVCNRI,0
B2RX66_MOUSE_524,LIKKHQAAMEKEAKVMANEEK,0
B4DRR6_HUMAN_26,DDWECNRQFKKELGSQGGHFN,0
B2RCM2_HUMAN_105,MPIKACADKLKREIELYGCPP,0
A0A024R3V8_HUMAN_12,SNKEGSGGFRKRKHDNFPHNQ,0
IKKB_HUMAN_106,MEYCQGGDLRKYLNQFENCCG,0
A0A024RCM3_HUMAN_295,LEFNQVVIFVKSVQRCIALAQ,0
DCAF1_MOUSE_23,ELTTLLEQWEKDHGSGQDMVP,0
TDT_HUMAN_338,VTMTGGFRRGKKMGHDVDFLI,0
A8K330_HUMAN_200,RFTLSSSRNKKHAKNNFTCVA,0
B2REB0_HUMAN_234,PHESGQCWNLKDDSKEISELS,0
B4DLZ3_HUMAN_161,EPMWEFNFKFKKQSPRLKSKC,0
GFOD2_MOUSE_134,LRFLPAFVRMKQLIAEHYVGA,0
NF1_HUMAN_2555,DHLISDTKAPKRQEMESGITT,0
MA7D3_HUMAN_664,DGQQQNETKKKKGWLDQEDQE,0
Q59GW6_HUMAN_224,VSTRRGLIEVKTDEFPRHGSN,0
OSBP1_MOUSE_574,FHSTGHHYTWKKVTTTVHNII,0
A2AQH3_MOUSE_639,AIQGIPAAHGKPTSYSIRVDN,0
ADCY5_HUMAN_451,AMEMKADINAKQEDMMFHKIY,0
A4_MOUSE_40,AEPQIAMFCGKLNMHMNVQNG,0
IPO9_HUMAN_355,ENSKFKSTVKKALPELIYYII,0
A4D2N6_HUMAN_98,PPQKVLFPSEKICLKWQQTHR,0
ATR_HUMAN_1595,LDHLTQWARHKFQALKAEKCP,0
EGFLA_HUMAN_188,VEFIRPDFDKKWTSIHERIQM,0
Q3UNK1_MOUSE_533,SQLLAGIVVDKPPSTMQFDDD,0
SO1A4_MOUSE_154,QDPTECVKEMKSLMWIYVLVG,0
UD3A1_MOUSE_202,TDQMDFWGRVKNILMFFHFTK,0
ERG1_MOUSE_534,VAIYATYFCFKSEPWATKPRA,0
CE295_HUMAN_1276,TEKEAFHFSQKTQENTSSEQT,0
AGRL2_MOUSE_888,GLQSDRNTIHKNLCINLFIAE,0
CC168_HUMAN_1366,MHKARTANLEKERGRMDTSSS,0
B4DT31_HUMAN_239,IKQLQERAGVKMVMIQDGPQN,0
A4GE64_MOUSE_706,DTSNDIIVLAKKMCMIMMEMT,0
A6PVN5_HUMAN_255,VDEKAVNENHKDYMFLECILF,0
B4DN80_HUMAN_191,HSSAQENKRCKYNHSKMCDSH,0
B1AYL1_MOUSE_481,KCPICWHKFIKTCFIWKCSPC,0
MUC18_MOUSE_121,HDERMFLCKSKRPRLQDHYVE,0
APEH_MOUSE_219,YEDWGETMVSKSIPVLCVLDI,0
E9PWN0_MOUSE_366,EDTTCTIVKPKPRALCKQLSD,0
NISCH_MOUSE_48,VTDGNHEWTIKHRYSDFHDLH,0
XDH_MOUSE_345,QLRWFAGKQVKSVASIGGNII,0
B4DN15_HUMAN_380,FYFFHGTRQYKFDPKTKRILT,0
ARP8_HUMAN_121,KMVDQAIWSKKMSNGTRRIPV,0
B4DS83_HUMAN_363,FMDIRLYHKAKLMVNPFAYEE,0
E9QJY0_MOUSE_355,AFEYVRWSPAKYVVSAGSLCA,0
UTP11_HUMAN_193,TNQTGLKRIAKERQKQYNCLT,0
SO1A4_MOUSE_582,DRTCLHWGTLKCGEPGACRMY,0
UBP2_MOUSE_495,CRCRARKRCIKKFSVQRFPKI,0
HXT4_YEAST_469,SETFPLRVKSKCMAIAQACNW,0
B4DSZ6_HUMAN_210,MTSVLVCPDGKTIEAEAAHGT,0
A2AG68_MOUSE_636,KDRSANHLDHKREIKQWRGSF,0
FA81A_MOUSE_256,QKIDHLSLIVKENSGANERDV,0
PDR5_YEAST_771,RGTYQYYHKDKWRGFGIGMAY,0
MYBA_HUMAN_177,LLPGRTDNSIKNHWNSTMRRK,0
A8K8K7_HUMAN_87,ILIFEWWYFRKYGTSFIEQVS,0
B0I1T1_HUMAN_692,LFLLEEVRERKFDGFARTIQK,0
B1ART2_MOUSE_837,VMVGRVRDNWKRVQDIDVGPT,0
ABCG5_MOUSE_168,CRSSADFYNKKVEAVMTELSL,0
A8I0M1_HUMAN_278,PEHPTCGCIFKNFNLFLALII,0
UBP54_HUMAN_339,KWKDVVTKCIKGHYQPLLLLY,0
F8WGX5_MOUSE_164,FGNWMCIWHCKTASQVHLMKF,0
B2R4Q7_HUMAN_92,WLRYSLVIIPKNWSLFAVNFF,0
A8K6Q9_HUMAN_384,QGNKDVRHKGKRGKRAKNTSS,0
CY1_HUMAN_118,TSIRRGFQVYKQVCASCHSMD,0
JAK1_HUMAN_100,APNRTITVDDKMSLRLHYRMR,0
RYK_HUMAN_116,TNFLHFTWHAKSKVEYKLGFQ,0
A2ARP8_MOUSE_499,VVWLPANPTEKIVRVLFPGNA,0
CHTOP_MOUSE_30,NERFTNMLKNKQPMPVNIRAS,0
A2AQR0_MOUSE_124,LIHGGVRYLQKAIMNLDVEQY,0
MSH6_MOUSE_155,KRMLKPYTGSKSKEAQKGGHF,0
SYT5_MOUSE_53,VFSSCFCLYRKRCRRRMGKKS,0
O95090_HUMAN_66,LSAAHDILSHKRTSGNQSHPP,0
B2RD51_HUMAN_241,ILYLCYTDVMKLDLITVEAFK,0
A2SY06_HUMAN_100,SMSMSASGHPKMMLPPIDSEG,0
B7ZAA0_HUMAN_519,QIEKRRSQNIKMVQIPFSMKN,0
A1L2Z0_MOUSE_1185,EQFQMIIISLKEEFYSKADAL,0
B4DWB5_HUMAN_356,CSRVWGTTCTKHPHIKMVMES,0
Q5JZB8_HUMAN_235,IGMVIHQVEAKPSVYFIKFDD,0
E9PWW6_MOUSE_841,TASHCSKENGKQIHMPTDYAE,0
B2RBJ7_HUMAN_557,SDSEEQDMSVKKGDDLLETNN,0
A8K8I8_HUMAN_251,QLLAAGLRATKPGGHVVYSTC,0
UBP15_MOUSE_574,HVVIPVCLREKFRHSSYTHHT,0
E9PZ16_MOUSE_868,YEGNPIQPGGKCRPTTQEIVR,0
B4E3L4_HUMAN_902,PFVDCKECGRKMHQICVLHYD,0
AN13C_HUMAN_48,FTRSRIGKGGKACHKIFSNHH,0
ITPR2_HUMAN_1836,TVNTIDLGNKKRDDDNELMTS,0
E9Q5J6_MOUSE_167,KKKKKRNKRSKLCHMGLILLL,0
B3KXW9_HUMAN_862,SDGDKKTLTRKKVNQFFKTML,0
TCPH_MOUSE_368,YNFFTGCPKAKTCTIILRGGA,0
A8K1C6_HUMAN_81,GQHDQRHAGNKRIKDQLGSSF,0
C9JVC9_HUMAN_870,SNRTHQDQPQKQCGPNSHCEM,0
B2RY58_MOUSE_86,ESEGPGRSAGKSSTNGDCRRF,0
A8K9T3_HUMAN_249,HRCGVEVTSMKAMEDLGRANR,0
B2RA86_HUMAN_203,MEGCSSPIVVKFADTQKDKEQ,0
CE034_HUMAN_172,SETNNKAPKDKLVEKTGKICI,0
A2A4P4_MOUSE_450,AWGGVVTLHRKEGDSEFMNII,0
E7ESD2_HUMAN_975,ANKSRVKMRGKRRPQTRAARR,0
A8K4H5_HUMAN_346,FIRTNIAWCRKRKTTQLGKYP,0
Q15552_HUMAN_239,CDECGMRSIQKYHMERHKRTH,0
GPHR_MOUSE_76,LNSSSRYFHWKLNLCVILLIL,0
C9K025_HUMAN_52,YLGKRCAYVYKAKNNTVTPGG,0
BBS1_HUMAN_283,YILRRDSKHPKYCIELSAQPV,0
B0I1T1_HUMAN_15,ERFHWQSHNVKQSGVDDMVLL,0
E9QB01_MOUSE_408,SMYLEVQYAPKLQGPVAVYTW,0
ALF_YEAST_208,TKPEQVYNVYKALHPISPNFS,0
A2AQ50_MOUSE_316,ISVAGMEWEAKAQVILLVILL,0
B3KUU8_HUMAN_142,WLTINNISLMKGGSKEYWFVL,0
B3KSL5_HUMAN_37,RIKFSDDRVCKGHLLNCCPHD,0
B4DH82_HUMAN_1231,EKPHQATQIKKSKKALYNKHL,0
B4E0E8_HUMAN_82,CTFKYDYTDSKSSPDVKFVCQ,0
CYB5B_HUMAN_116,SKDPSKNDTCKSCWAYWILPI,0
B4DGM5_HUMAN_269,FHSDSHMDRKKFHSSDSEEEE,0
M0R0U4_HUMAN_53,TTDISSKCMMKTFFSTGQGNT,0
NOL6_MOUSE_794,CATATHTDVLKDGFVFRIRVA,0
CIDEC_MOUSE_115,TMFMVLLKGQKWKPPSEQRKK,0
B2R9U5_HUMAN_244,GGSSGQRTRKKRCPYTKYQIR,0
B2R6Q9_HUMAN_230,ALHVWGVTTEKSKEVCITIFN,0
D3Z4J3_MOUSE_810,VRGYQARCYAKFLRRTKAATT,0
B3KT69_HUMAN_485,SYPQLQLIVKKVIAHFHDFSV,0
DOCK2_MOUSE_1386,QLLSQFPNAEKMNTTSAPGDD,0
A1L3S6_MOUSE_431,TTFYRNGNKLKYFYMPFGSGA,0
B4E033_HUMAN_101,ADSLKVRGTLKSWTKLWCVLK,0
B3KVT6_HUMAN_45,FHRQLFCWIDKWTDLTMEDIR,0
A8K9I5_HUMAN_104,QALWQYIKTHKLQDPHEREFV,0
MFR1L_MOUSE_212,LLCSASPECCKPEHKTTCSSS,0
A0JP10_HUMAN_1033,AGTGSDVQTPKCHLKRRIPPA,0
E9Q5W5_MOUSE_680,QCRVAKFLMVKFLCTRQESAE,0
G3XA00_MOUSE_580,RTSCQPIPIVKLEWDSPWAVL,0
B1ALM5_HUMAN_33,VRESSEDIRCKCICPPYRNIS,0
ANXA6_MOUSE_53,ILELITSRSNKQRQEICQNYK,0
MORC3_MOUSE_48,DNAYDPDVNAKQIWIDKTVIS,0
A8K923_HUMAN_173,LTAPDSNDDVKTEAVAIMCKM,0
SMCR8_MOUSE_760,IFVPNYGCYAKPVKHWISSPL,0
B9EKJ0_MOUSE_110,QKMKYRPPKTKFFFTIIPQPI,0
A1ILG8_MOUSE_2836,LDTVGSYGCVKCPATNMEYLV,0
ARI1B_HUMAN_1954,FVPGNDAEMSKHPGLVLILGK,0
DESP_MOUSE_717,EQGSTHHITVKINELKSVQND,0
Q3TYC4_MOUSE_205,PYIKMTILPDKRHRVKTRVLR,0
Q6FIE5_HUMAN_86,GGRTSHQSQDKKIHVYGYSMA,0
KCC2B_HUMAN_360,DGVKPQTNSTKNSAAATSPKG,0
CC168_HUMAN_2368,CFQSKHKSASKPHHDDINFYS,0
A8K9T5_HUMAN_826,TVYRHYTRNSKQIIWFWQFVK,0
B4DN46_HUMAN_43,VDSRWFKQWKKYVGFDSWDKY,0
ASH1L_HUMAN_124,TTIKHPRKALKSGKMTDEKNE,0
E7ERK7_HUMAN_264,NKLSSSDLKMKVTSGRVQQPA,0
NOMO1_MOUSE_561,IMHEDWCWRNKSLEVEVLEDD,0
A2RRJ4_MOUSE_314,QTADGGGLVEKHYLFLKRLCQ,0
B2RBA0_HUMAN_418,KGQERAVACSKYEEDVKIHNH,0
E9Q3G8_MOUSE_713,ASTSGTGFGDKFKPAIGTWDC,0
A8K2Q2_HUMAN_256,ILLPLQSCFGKLFSSLRSKTA,0
TUT7_MOUSE_14,TAKPYFVKRTKDRGIIDDDDF,0
B2RWP5_HUMAN_1762,HCCQPNCETQKWSVNGDTRVG,0
A0A087WVC4_HUMAN_99,PFLVRLEYAFKDNSNLYMVME,0
A8K1C6_HUMAN_197,EKQCKCDVCGKVFNQKRYLAC,0
TDRD7_MOUSE_956,AVERDQVYAAKVENKWYRVLL,0
PPR3A_MOUSE_798,NLRVDEMKKEKTTSTCFPQKT,0
E9QPX3_MOUSE_98,QSGVNNTKKWKMEFDTRERWE,0
NSMA_MOUSE_219,GSDDGCTMVPKNCYVSQQDLG,0
A0A024R7A8_HUMAN_195,IECHPYLTQEKLIQYCQSKGI,0
A5PKY0_HUMAN_329,ADTRQTGKLSKDQFALAMYFI,0
BBS10_HUMAN_708,ILTIDMVITVKRHPQKVHNQD,0
A8K1C7_HUMAN_349,TLWWMLRRSLKKYSFESIREE,0
B0AZQ4_HUMAN_984,TELKKYSHVNKKALDQFVNFS,0
Q3TJA0_MOUSE_323,HVHGYHNWGNKEERDGKDRGC,0
A7E2E1_HUMAN_824,TLSNWAYEFDKWAPSVVKVSY,0
VPP2_MOUSE_608,FGYLIFMIIYKWLAYSAETSR,0
RTP3_MOUSE_52,LKPGWTQYQQKTFARFHCPSC,0
F6YRW4_MOUSE_447,QVWDPQCSPKKDRQVHLTHFE,0
APOB_MOUSE_732,VNGRVPDGVSKVLVDHFGYTT,0
YM87_YEAST_305,SMKFQIPHSKKQWILFGNLGV,0
DPYD_MOUSE_629,AYWCHSVTELKADFPDNILIA,0
H0UI63_HUMAN_1347,CFQECQPCQVKVPKIIPRCGH,0
G3X9F2_MOUSE_1077,RYEWNKLQSVKSVVPMVHLSW,0
RNC_HUMAN_1341,KYNFPQMAHQKRFIERKYRQE,0
D3Z183_MOUSE_60,IPEEEIDWIEKHCVKVNNDLL,0
B4DT45_HUMAN_138,HFCWVLFICAKGNFPMISDDL,0
H3BSS3_HUMAN_62,GLSMRLLESKKGLSFFAFEHS,0
B3KMT3_HUMAN_168,AHCAKSFALLKWLSLPLFGAF,0
A2A7W1_MOUSE_112,DADIYWCGITKAGTDPMFKVN,0
PCSK5_MOUSE_927,GRCVMNCPSWKFEFKKQCHPC,0
A6H8W8_HUMAN_1587,TRTIQDTLNPKWNFNCQFFIK,0
B4DP32_HUMAN_33,AHCRRGNGLIKVNGQPLEMTE,0
G5E8Q0_MOUSE_1600,LTYIQHPQGKKNVHGEISIWV,0
GEMI4_HUMAN_171,LDVWWEVMKHKGHPQDPLLSQ,0
B3KRH9_HUMAN_434,LIQCFDTETDKCHVKPYVLPF,0
B1ARU4_MOUSE_3495,SHTLQPYKDMKQSMAERKSQL,0
MET10_HUMAN_156,VEQNNLSDLIKVVKVPQKTLL,0
B4DNP0_HUMAN_450,NYSGCQITWAKFCKENMAGKG,0
A1L3P4_MOUSE_93,TLTILTIWLFKHRRARFLHET,0
B2RX33_MOUSE_143,ASLFPDSLIVKGFNVISAWAL,0
A8K948_HUMAN_196,SQQKPRNKKSKMDGMVPGNHQ,0
E9PXY8_MOUSE_1025,EIPLDQVDIDKENEMLITVAH,0
DAPK3_MOUSE_33,QFAIVRKCQQKGTGMEYAAKF,0
E9PWG2_MOUSE_1166,FCFKAVRCKQKEGGIQSSEKY,0
SAHH2_ARATH_340,IIMVDHMRKMKNNAIVCNIGH,0
Q3UV57_MOUSE_885,SPSLTGTFLHKDCCGSEMACE,0
B1B1A8_MOUSE_1304,GTQPITCKWMKFRKQIQESEH,0
ABCB6_MOUSE_313,AWTVTTYVFLKFLQGGGTGST,0
B9EIK3_HUMAN_587,KRLHTFGNPFKQDKKGMMIDE,0
B5A223_HUMAN_12,YDLCINCYNRKSHAHKMVKWG,0
A8K9Y9_HUMAN_142,VVCTLCSCVMKTKQIWLFSAH,0
A2A4P4_MOUSE_379,LIFLAGNRVLKWMERSHGSEK,0
B3KSX4_HUMAN_97,FLGVYWQHKPKCFSDFIELLT,0
A1L2Z0_MOUSE_300,ILNQKRPQYIKAKENTSHHLK,0
A1ILG8_MOUSE_2543,VVTLRSPLQIKNHFSIAFIIY,0
B7ZNJ9_MOUSE_137,SNSNHTPCIMKVDSLTGAFLF,0
BRWD1_HUMAN_503,IFIWDITKGTKMKHYFNMIEG,0
CY24B_MOUSE_102,RQLDRNLTFHKMVAWMIALHT,0
NDUAC_HUMAN_53,KYGNKYYEDNKQFFGRHRWVV,0
EF3A_YEAST_1031,KKKKERMKKKKELGDAYVSSD,0
AHNK2_HUMAN_586,TEGQIRMPKFKIPSLGWSPSK,0
LZTR1_MOUSE_601,LKEHCLNFIVKESHFNQVIMM,0
ALG1_HUMAN_336,REYYSRLIHQKHFQHIQVCTP,0
A9CLV6_MOUSE_230,YTHPASCAENKAFISVNMLLC,0
A8K594_HUMAN_78,PTNFTTLKFSKGDHLYVLDTS,0
A8K379_HUMAN_361,IAEEMAYIERKNYIHRDLRAA,0
B3KUR1_HUMAN_294,DRNAICVNCIKKCHQGHDVEF,0
B2RQC7_MOUSE_286,EPAYIEYKTSKEGSVMGVTVS,0
B0V2P5_MOUSE_98,VNSHKRNSQLKCQWLKTGQFF,0
ZZEF1_HUMAN_1389,DGIRIWMLEMKQKSLMSLGNE,0
E9Q4K7_MOUSE_873,AQENRLVCMVKILQATGLPQH,0
ENT2_YEAST_103,LWCRENFYVIKTLREFRHENE,0
FKS1_YEAST_554,GPIIFVFAYDKDTVYSTAAHV,0
A6NDI8_HUMAN_37,SSVTSKRNIKKGAVPRSIPNL,0
TM39B_HUMAN_101,ALFVHYINIYKTVWWYPPSHP,0
B2RBI0_HUMAN_502,VWFFIVSFCYKFLSYFRASST,0
B4DF60_HUMAN_477,NQEKARSACLKFMFHLRRSSF,0
A2ARD6_MOUSE_244,IPAITKAGHAKGCFVGFDLAH,0
A2AQH3_MOUSE_716,AGSQRLGDWGKMIPHSNHYNS,0
A8K324_HUMAN_422,KCINVLKNSEKSKFQQHVPFR,0
AT11A_HUMAN_54,RYPDNRIVSSKYTFWNFIPKN,0
O43245_HUMAN_274,NMTTHDRNSKKWQRVNLSLMA,0
ALKB1_HUMAN_183,VGYHYNWDSKKYSADHYTPFP,0
BIRC3_HUMAN_563,EERTCKVCMDKEVSIVFIPCG,0
ATM_HUMAN_1030,TVIGAFWHLTKERKYIFSVRM,0
F8VPK5_MOUSE_811,QKRCLMQNDLKMQTQQVNTLK,0
A4QPB0_HUMAN_790,TCIQSQWRGYKQKKAYQDRLA,0
ACD_HUMAN_492,QEPCSVWEPPKRHRDGSAFQY,0
E9PYH2_MOUSE_137,HVSAEITYTSKHSVEVQVHVM,0
B0YJ89_HUMAN_354,IPCPTVVLLKKHILVMSFIGH,0
B2RBH6_HUMAN_242,VCNVDYCQILKDITVEDMNEL,0
D3YUT2_MOUSE_184,EYKIHQRWFAKLKRKAAAKMR,0
CHAP1_HUMAN_720,YCKICCCRAMKKGAVLHHLVN,0
A0A024RDB0_HUMAN_488,NFALLGVGTSKEKGMITVTDP,0
B7Z787_HUMAN_331,IVSQVTEGHWKWGGITVQVNS,0
Q544X6_MOUSE_65,TKPQAQPERRKPKTGILMLNM,0
A3KGU7_MOUSE_646,QKLIDVNHYAKEEVAARMNEV,0
A8K4X6_HUMAN_66,PITDEQIQEMKSNLENIDFKM,0
B4E3L4_HUMAN_852,SYQNRYHFCEKCFTEIQGENV,0
B7Z4W0_HUMAN_19,AKKMDKMVQKKNAPTRIGMSV,0
K0408_HUMAN_42,WESQWKIMQKKIEELCREVKL,0
KEG_ARATH_170,ATVAGGGGRCKHRVAVKKMTL,0
C9JKM8_HUMAN_30,MCILIDENDNKIGAETKKNCH,0
ANO5_HUMAN_581,SCFYVAFFKGKFVGYPGKYTY,0
FBRS_HUMAN_85,HFRPPLRKPGKWCAMHVRVAY,0
A8K6Y9_HUMAN_234,YEDNCISYCIKGYIRMFSVGY,0
ALG2_HUMAN_132,PVFRLARRRKKILFYCHFPDL,0
DHX29_HUMAN_106,QRIIGVINEHKKQNNDKGMIS,0
CSK22_HUMAN_171,HNVMIDHQQKKLRLIDWGLAE,0
B4DR88_HUMAN_69,VVMSATMELAKLSAFFGNCLI,0
HERC2_MOUSE_826,GTADWPPPQEKECMAVATLNL,0
DYST_MOUSE_973,TLWHESHINMKSVVSWHYLVN,0
A2AQJ8_MOUSE_526,VFRGPELTMHKSAVHYGDWEH,0
NOL6_MOUSE_470,DGFQLLLMTPKPMIQAFDHVV,0
B0I1T1_HUMAN_934,KPTRKGMAKGKPRRSSQAPTR,0
B2R761_HUMAN_282,IIKMVGFDMSKEAARKCYEKS,0
DOCK1_MOUSE_1009,AINQYADMLNKRFLDQANFEL,0
B5MCA4_HUMAN_136,DCDESGLFKAKQCNGTSMCWC,0
BBS10_HUMAN_293,FQTSQFWIMEKTKAIMKHLHS,0
F8WJ40_MOUSE_1182,DGVHRVRVDFKEDCDLENVWL,0
BIG2_MOUSE_440,RSHEMFVTAIKQYLCVALSKN,0
SMF1_YEAST_339,PTNAAIKYCMKYSMVELSITL,0
B0AZU3_HUMAN_104,FNFKKSGSSPKWTHDKYQGDG,0
B2RY15_MOUSE_1789,YAAKEGGGNPKAHHTHDAITE,0
CAC1A_HUMAN_1363,LKTIKRLPKLKAVFDCVVNSL,0
B7Z3T1_HUMAN_39,LLIAVLVYWRKCFQTAHFYVE,0
B3KNB0_HUMAN_126,TEPDHAIQWDKSMCVKNSTGV,0
A7MBM9_HUMAN_424,AMAMGAQLIGKFEAKGMGIQW,0
B0FTY2_HUMAN_241,ENGECVLMEGKLTHKINTESS,0
CDS1_HUMAN_84,KALSGLSSRWKNWWIRGILTL,0
A0A024R9C1_HUMAN_371,KPLYVALAQRKEERQAHLTNQ,0
B7Z9M4_HUMAN_169,WMTMYLFGNVKLQQGDARNDP,0
NOTC1_MOUSE_1206,GTCIDLTNSYKCSCPRGTQGV,0
B4DHG3_HUMAN_466,PETFQMLSPPKGVFMYISNRH,0
ITA2_HUMAN_1000,IIHIPQYTKEKNPLMYLTGVQ,0
BRWD1_HUMAN_250,NTMIAAGSCDKIIRVWCLRTC,0
KDM5A_HUMAN_1622,AQNCQRPCKDKVDWVQCDGGC,0
D3DPF9_HUMAN_20449,DRLNSGCYELKLRNAMGSASA,0
ARI5B_HUMAN_119,LVKWVHSDFSKWRCGFHAGPV,0
ATM_HUMAN_208,CCSQTDGLNSKFLDFFSKAIQ,0
A0A0B4J2C3_HUMAN_164,DGVTPYMIFFKDGLEMEKCDA,0
B4DFY9_HUMAN_98,PQYTVVVEIIKAVCCLSVVKD,0
DPYD_MOUSE_505,DGKQASWYIHKHIQAQYGTSV,0
IPO4_MOUSE_457,VPMGNTHHLAKACYALENFVE,0
SYCP1_MOUSE_184,NATIHWCNLLKETCARSAEKT,0
B4DM73_HUMAN_822,SRVITWTTEPKSSDVRKAAQS,0
GBRA1_MOUSE_182,FPMDAHACPLKFGSYAYTRAE,0
B3KTH1_HUMAN_209,EETQTVSFEVKQEMIGELQKR,0
IPPK_MOUSE_19,NEWSYHGEGNKSLVVAHAQRC,0
FMO5_MOUSE_273,QRFDHEMFGLKPKHRALSQHP,0
BAZ1B_HUMAN_377,EEMMKMMSPNKLHTNFHIPKK,0
ATM_HUMAN_154,ILLKDILSVRKYWCEISQQQW,0
E9Q411_MOUSE_2172,ILLLQAWPPMKSECVLANNPW,0
SPT6H_HUMAN_483,RDIPKMQNAAKASRKKLKRVR,0
A8K4H5_HUMAN_399,FNDCGLLDSSKLCDYENRFNT,0
A8K0Q6_HUMAN_121,WKLIFQECRAKEHMLQTNWKN,0
B4E0E6_HUMAN_50,ESQSFRKKCFKEWMAHWNAVF,0
F1712_MOUSE_363,KLQLSGPSDNKRDQATSMSQL,0
A2CGA5_MOUSE_63,AGFYYTGANDKVKCFCCGLML,0
B3KTZ7_HUMAN_15,VAYMILRHQEKMKGDSHKLDF,0
B1AVH5_MOUSE_30,MSWHPQYRSSKFRHVYGKPAS,0
Q3KN89_MOUSE_575,PNYEEFPKSQKIPYPNWVYAV,0
B3KT69_HUMAN_452,WVEYTCKHFTKREVNTVLADV,0
B2RUJ8_MOUSE_58,WWQVRPDENSKAFYVPAQYVK,0
CLSPN_HUMAN_1100,SDEELQSQIKKIHMKTMLDDD,0
AR13B_HUMAN_282,EREKKNQKMEKDSDGCHLKHK,0
ZN256_HUMAN_194,LQQQAAHTRKKSNRTKSAVAF,0
A0A0A0MR59_HUMAN_896,KIRPHITTLRKYTYGKHILAK,0
B2R7S3_HUMAN_146,GNIEKAFWDLKEEFHKICMLA,0
Q9H398_HUMAN_164,YAVMQISMCKKGIQVWTNAKE,0
RS15_YEAST_100,IGSVVGIYNGKAFNQVEIRPE,0
B4DTD8_HUMAN_107,KAFEIVVRHAKNYTNAMFKNN,0
RNF13_MOUSE_205,LILIVIFMITKFVQDRHRNRR,0
ACSL4_HUMAN_367,KGSKGDCTVLKPTLMAAVPEI,0
EF2K_HUMAN_715,KGRLANQYYQKAEEAWAQMEE,0
A0A024RD93_HUMAN_283,GSTSDLGHCEKIKKACGNFGI,0
SWP70_MOUSE_101,NRMCWTLCVKKNLTKSPLLIT,0
NAV1_MOUSE_1648,VNGALTCKYHKCPYIIGTTNQ,0
NDOR1_MOUSE_80,MKNFWRFIFRKSLPSSSLCQM,0
FKS1_YEAST_1636,CSGPLFGMCCKKTGSVMAGIA,0
CP4FB_HUMAN_169,ILKPYMKIFNKSVNIMHDKWQ,0
IKZF2_HUMAN_206,HKCNYCGRSYKQRSSLEEHKE,0
B4DQL0_HUMAN_244,QFMYVVDTRPKLNAMANRAAG,0
AG10B_HUMAN_360,DNRHYTFYVWKRVFQRYAILK,0
B3KW06_HUMAN_561,NTTTAATLSNKSYSVQGQSVM,0
2ABA_HUMAN_345,SLYENDCIFDKFECCWNGSDS,0
B9EKC5_MOUSE_1361,TATPIDHDYVKCKKPHQQAAP,0
TRI45_HUMAN_559,HWSCCGKFNEKSECTWTGGQS,0
B2RXY7_MOUSE_220,RKLNEQRRGDKILLNACCPGW,0
ASCC3_MOUSE_319,SCKKILGENSKPNYGCQVTIQ,0
Q3TJ33_MOUSE_117,GIILMMVFLHKNELLTMYHGW,0
B2R7C5_HUMAN_569,KEKMVSAAFMKKYIHVAKIIK,0
3BHS5_MOUSE_203,EECQVTSTTVKTALKNNSIIK,0
AP1S1_HUMAN_109,CELDIIFNFEKAYFILDEFLM,0
BIG1_HUMAN_1168,TTHPRMFSLQKIVEISYYNMG,0
LYRM2_HUMAN_46,VPNDSDRKYLKDWAREEFRRN,0
Q69ZT0_MOUSE_1103,FTVMVLTVTLKLALDTHYWTW,0
S39AA_MOUSE_488,GHGHSHGHESKEFLEEYDAVL,0
B2RCP4_HUMAN_126,NKKHHVLETEKTPKDWVRQHR,0
VGLU2_MOUSE_469,VCPIIVGAMTKNKSREEWQYV,0
FHL2_HUMAN_57,IGCDCKDLSYKDRHWHEACFH,0
A2AJ21_MOUSE_99,SVVTMETKIVKLWMGPSISGG,0
B1APT2_MOUSE_124,IAGNHELTFDKEFMADLVKQD,0
GWL_HUMAN_469,IQNKKTCVEYKHNEMTNCYTN,0
ECM29_MOUSE_1600,VVTACSTELEKSVPNQPTTNE,0
MED13_HUMAN_393,CNMNRAQNKRKYSASSGGLCE,0
A8K9V7_HUMAN_83,PHFDLEVRDCKYDYVEVFDGE,0
C9JU34_HUMAN_444,IKHLSLQPFQKGFIIQPDSSI,0
GPAT4_HUMAN_336,INNTSVMMFKKGSFEIGATVY,0
BAZ2A_HUMAN_585,GETWYYGPCGKRMKQFPEVIK,0
GPKOW_HUMAN_334,IQQDNSERKRKHLPDRQDGPA,0
A2A274_HUMAN_764,LKDFTPGKPLKCIIKHPNGTQ,0
AL2CL_HUMAN_410,QASEDKFDCYKCHWREGSMCG,0
NPC1_MOUSE_38,YGECGIATGDKRYNCKYSGPP,0
A4D0P7_HUMAN_408,HDDQLDGPKYKCTVSLDFIRA,0
INSRR_MOUSE_319,TRNGSSIFCHKCEGLCPKECK,0
DDX58_MOUSE_910,SGVQNRHSKWKDFHFERIQFD,0
A8K710_HUMAN_12,SSHGASFVQIKFDDLQFFEYC,0
B7ZMS8_MOUSE_202,NSEYQRQFVWKTSKESAPVFA,0
H0UI63_HUMAN_446,PLKFVRWQNSKRLLYGSLVCM,0
B8XCJ6_MOUSE_659,NGMLDLSVVLKAVYLVLNHDI,0
GATD_METJA_293,TNLEEKVALIKVYPGMDGEII,0
B3KSC0_HUMAN_13,FNFNCCCFADKALMAPNLDSF,0
RYR2_MOUSE_4593,FFCIIGYYCLKVPLVIFKREK,0
E9Q5W5_MOUSE_2692,HIPGAIYLSIKFDPQCNTEEG,0
A8K5J1_HUMAN_281,DALGPSICMLKTHVDILNDFT,0
A8MZ87_HUMAN_186,VLGKFHPDVAKQLSNLALLCQ,0
GLSL_MOUSE_331,NYAIGYYLKEKKCFPKGVDMM,0
PLD6_HUMAN_164,YMHHKFAIVDKRVLITGSLNW,0
B2RBJ7_HUMAN_478,VRYLEKNVKLKSKYLDMRRQI,0
A2RUU9_HUMAN_526,MMTDAVNENRKAEETEESEYD,0
B8XCJ6_MOUSE_2149,QLNLVHMHPEKGQELIQKQVF,0
E9Q0J5_MOUSE_169,LFDTTRDIDAKNKKSNIRIHE,0
CXB6_MOUSE_22,GVNKHSTSIGKVWITVIFIFR,0
HAUS6_HUMAN_84,FKFCWPPFDQKSDTEFRKHCC,0
UNC5C_MOUSE_203,GIPVAEVEWLKNEDIIDPAED,0
ADCY8_MOUSE_457,LAHEHHCLRIKILGDCYYCVS,0
A8K8D2_HUMAN_197,GPLSAQLSVEKENLAIESQSK,0
UGGG1_HUMAN_786,QLLYDAIKHQKSSNNVRISMI,0
F8WGX5_MOUSE_1134,VSKESITSNTKHLVHLDWMSR,0
TSR3_MOUSE_128,GVAVIDCSWAKLDDTPFQKMR,0
B0I1T1_HUMAN_779,TKYDRRFKPIKRDLILTPKCV,0
A8K004_HUMAN_786,QSQFLQSRNLKCIALCKVITS,0
MICA3_MOUSE_769,GGSDTCYFCQKRVYVMERLSA,0
B4DMG8_HUMAN_11,MYREDDPNFFKMVEGFFDRGA,0
A8K8M5_HUMAN_257,VVSLAYAYETKDALCLVLTIM,0
C9JM20_HUMAN_73,EQMIPVADMPKSPFKRKRTTN,0
A8K3Z5_HUMAN_310,YQVISDRQTPKKDESLVSKAM,0
E9PZP8_MOUSE_2037,PIQEVSFDPEKAQCCIVENGQ,0
B2RBM7_HUMAN_329,LVKGSIDEVDKRVHMTWVQPR,0
D3YYQ8_MOUSE_2329,ENMNSVMDDNKLLTLANGERI,0
BPTF_HUMAN_1059,LPGNTNVNYRKSLEGTKNNMD,0
A1ILG8_MOUSE_1977,LTLHLMASAGKMFKDGSMNVS,0
VP13A_MOUSE_3075,YKYFTHVMINKTDMFMITRRG,0
AEBP2_HUMAN_300,QRGGVFVCLWKGCKVYNTPST,0
A1ILG8_MOUSE_1193,VGCIQIVYLHKFLMSLLSFLN,0
A2ACV6_MOUSE_958,EEMNAQHSDNKACTGESWTQN,0
A4D1E4_HUMAN_925,QRINPTTVKMKSSVFDEDKTF,0
B4E2T6_HUMAN_240,CRLFNPNDDRKEEPPTTLLWV,0
RT30_HUMAN_390,TTQADQNNPRKNICWGTQSKP,0
A1L2Z0_MOUSE_1045,ESADVFEASRKEARICRQEFE,0
G5E843_MOUSE_1085,YNIMEQNKLNKDYRANDTIPP,0
A0A0S2Z491_HUMAN_230,PRSKGQESFKKQEKTPKTPKG,0
E9Q4K7_MOUSE_891,PQHLCHFVFCKYDFWDQQEPV,0
FCERG_HUMAN_52,LYCRLKIQVRKAAITSYEKSD,0
GLPK5_MOUSE_188,TWILQNLSEVKRAVEEDNCCF,0
MED13_MOUSE_854,MGFSPMNMNNKEYGSVDTAPG,0
B4DI08_HUMAN_248,QNFFAQIKGYKRCILFPPDQF,0
F8VPL2_MOUSE_426,RNMCGENASVKVSIEIEGLQL,0
DDX6L_HUMAN_915,NLLTKWLQSVKQYWKQADKIM,0
Q3US73_MOUSE_104,KKFLMSTKYNKDSKMYRALQT,0
A4ZW41_HUMAN_30,RFIAVGYVDDKQFVRFDSDAA,0
B4DLW3_HUMAN_87,RKINKMTDKLKTHGTVSLAAW,0
PEG3_MOUSE_820,REHQKARAKKKYIEPRNNETS,0
NOTC1_MOUSE_1170,CTDYLGGFSCKCVAGYHGSNC,0
DEN4C_MOUSE_325,LSHWPFFEAFKNFLMFIYKVS,0
DNA2_HUMAN_64,TVQNKEGNCEKRLVITASQSL,0
A8K6I5_HUMAN_582,QWFDGVMEVLKKHHKPHWNDG,0
CP24A_HUMAN_92,QHDTLVEYHKKYGKIFRMKLG,0
B1AKJ6_HUMAN_521,SAFYAECFNKKIQFNAHIWTK,0
DPP9_MOUSE_518,QTKLVYFQGTKDTPLEHHLYV,0
F6RT34_MOUSE_100,RSRPGLCHMYKDSHTRTTHYG,0
A0A0S2Z3H3_HUMAN_147,ARTRLAADVGKGAAQREFHGL,0
A0AV47_HUMAN_600,EYFVRKSNAKKGMFASTHLIL,0
AKIB1_HUMAN_539,NEGCNHMQCAKCKYDFCWICL,0
BPTF_HUMAN_1039,TGYGGWSWISKTHVYRFVPKL,0
ANO6_MOUSE_501,KNPNGTDPIQKYLTPQMATSI,0
KNTC1_HUMAN_232,IGGTGNCAFSKWEPDSSKKGM,0
B4DRH3_HUMAN_99,SARQNESSQPKVAEESGGQKS,0
A6H8W8_HUMAN_1057,APGQLILILKKNTSGWWQGEL,0
K0100_HUMAN_1622,PAWYGDTLKQKTSWTCLLDGM,0
D2CFK9_HUMAN_52,RIRHFYMRKVKFTQQNYHDRL,0
ITPR2_MOUSE_1175,GAKTPQIDSNKGNNYRIVKEI,0
AL4A1_MOUSE_436,YYVEPCIIESKDPQEPIMKEE,0
WDR92_HUMAN_32,FDCKWVPCSAKFVTMGNFARG,0
A0A024RDT4_HUMAN_610,LPEDLVEVNPKMVMTVFACLM,0
A0PJI9_HUMAN_246,MGLEPPMSLGKAEDNQSISAE,0
EXD2_MOUSE_224,GCLDLRYLAMKQGNNILCNGL,0
A8K2F4_HUMAN_56,TTDENEMENVKKATATTTWMV,0
B4DZH4_HUMAN_343,LLVHWAKCLQKMGSGLNSFYD,0
MMS22_HUMAN_463,KSPLSMLEMVKTCCCDKQDQE,0
ATN5_YEAST_114,NVLIGLVQEYKATKTMNSLKN,0
A0A087WVC4_HUMAN_51,SFGRVMLVKHKATEQYYAMKI,0
ECT2_HUMAN_563,FFEMSKETIIKCEKQKPRFHA,0
Q544C3_MOUSE_393,ENGPGGFIVLKSANNPRVCTF,0
B1ARU4_MOUSE_942,MASRVEQSYQKVMALWHQLHI,0
RFC1_HUMAN_61,EDDFKQKQPSKKKRIIYDSDS,0
FAS_MOUSE_835,RGTPLISPHIKWDHSQTWDVP,0
CACL1_MOUSE_193,HSEQMYSDLIKKITSHLERVS,0
ARI5B_HUMAN_442,NENKTKVSGTKRIKHEIPKSK,0
MAS5_YEAST_168,KCTSCNGQGIKFVTRQMGPMI,0
B1ARU4_MOUSE_391,LEVWIEFGRIKLPQGYHPNHV,0
ACON_MOUSE_250,GWTSPKDVILKVAGILTVKGG,0
E9QKG8_MOUSE_360,RQVHKSSPAWKELQMMPQKDL,0
E9PYY6_MOUSE_156,NVLILDLWGDKGAPHMQALHF,0
TV23B_MOUSE_101,RWWNHIDEDGKSHWVFESRKS,0
B4DVX2_HUMAN_166,RFPGAYLKGKKYNAYRFLIQN,0
ASH1L_HUMAN_1249,TVLSSLKEKHKHKCKRRNHDY,0
A2ASI5_MOUSE_1210,TYIFILEMLLKWVAYGFQTYF,0
B4DWK8_HUMAN_446,LLDKYNAEKPKNATHTFVQSG,0
B4DZD5_HUMAN_379,KFDQVCQWVLKCRNSKNSLIQ,0
ARP8_MOUSE_528,SVDCCSSDDTKKKMYSSILVV,0
A8K2P8_HUMAN_579,DANDNSPFIPKKTVIICKPTM,0
Q8BNK8_MOUSE_103,MPLCDQDSTSKTMNLMGDFSA,0
FKS1_YEAST_1237,MNAMLRGGRIKHCEYYQCGKG,0
A1ILG8_MOUSE_3637,YQFHCAVPGNKRAVLMITNRR,0
IFT88_HUMAN_791,TNEPYESSSNKEIDASYVDPL,0
Q6ZQL9_MOUSE_183,KLAITMQRMRKRFYIVWTKLD,0
TITIN_MOUSE_30995,TASYVVTRLIKNNEYTFRVRA,0
B2M0S2_MOUSE_564,WPPLPSFCPVKPCFFQDISME,0
CS2IP_MOUSE_411,ALDYSHPCIIKGGSVPVDVVN,0
B4DYF9_HUMAN_122,IYSKKTLAKSKGASAGREWTE,0
SI1L1_HUMAN_1049,ETYRMPVMEYKMNEGVSYEFK,0
B2RXC6_MOUSE_39,RQQAHIQVVSKNLYSQDNNHA,0
A8K5C4_HUMAN_240,QIMEIRVFPEKGYSFVRFSTH,0
PDPK1_HUMAN_538,PSGNAHKWCRKIQEVWRQRYQ,0
B2RX08_MOUSE_1311,SYDEARNLHNKWMKHQAFMAE,0
SPT6H_MOUSE_674,LLTIDISIDMKGVEGYGNDQT,0
GP158_MOUSE_1062,LYQANHKSIDKTEVCPWEIHS,0
B4DRW8_HUMAN_448,SMRPDDKYHEKQAHVEATKLK,0
B4DYP4_HUMAN_930,KLRERFCHRQKEASEENHNHH,0
PGM2L_MOUSE_373,WWMFDCWKKNKPNADVKNVYM,0
A6NMQ1_HUMAN_190,TPPPVMILKKKRSIGASPNPF,0
TM201_HUMAN_122,QWVSSQVLLCKRCNHHQTTKI,0
TAF1L_HUMAN_1554,SWPFHHPVNKKFVPDYYKMIV,0
AN13A_HUMAN_267,KAEVVNGYEAKVYTVNNVNVI,0
Q0ZAJ2_HUMAN_117,SKENDWYLAYKIIQRGGILIA,0
TI23B_HUMAN_169,AAGTMTGMLYKCTETGFHHGA,0
Q59EG8_HUMAN_263,LLCCALGVFRKFSRFPEALRL,0
SHPRH_HUMAN_436,IQNIEFEPKEKVQCPPTRVMI,0
B2RE46_HUMAN_403,TTRVTYPAKAKGTFIADSHQN,0
Q3T9B4_MOUSE_149,LAGNSVHADKKFLDKHMPQFM,0
DHPR_MOUSE_93,VAGGWAGGNAKSKSLFKNCDM,0
S39AE_MOUSE_245,EKILKMLLKQKNEHHHGHNHF,0
B2R9U2_HUMAN_98,KAWDIAIATMKVGEVCHITCK,0
A8K594_HUMAN_568,VVRGFQLMLGKVSRLIFPITS,0
B3KXP9_HUMAN_207,QEIKTAHKLAKRCYTNPPQWA,0
B4DR21_HUMAN_149,LDAFNYAILKKIDVLNLSIGG,0
A1L2Z0_MOUSE_129,AQLENIGIIVKAQNCLVFQGT,0
B4DM40_HUMAN_29,TSTAARRAVNKVVYDDHESEE,0
TCPR1_MOUSE_153,DFPATYTRDKKWNSCVRRRKW,0
LRIF1_HUMAN_69,VQSSVMSDALKGNTGKPVQVT,0
CENPN_HUMAN_81,IIYMQFHQHQKVWEVFQMSKG,0
B4DE53_HUMAN_265,QALAQIFKHGKREDCLPYAAT,0
B3KNX8_HUMAN_419,LCDHACTQASKLKRHMKTHMH,0
A2ABF8_HUMAN_513,LCETHRARMVKHHCCPGCGYF,0
D3Z4T0_MOUSE_487,LKATQSMSVKKRSQACHDSCS,0
B2RX00_MOUSE_1015,DHNMSLEKLKKENQQRIDQML,0
A0A509_MOUSE_381,SAIPPPKLFWKRNNEMVQFNT,0
A0PJI9_HUMAN_585,SLDASKVTSEKEAAQVNPIMP,0
LSG1_HUMAN_638,SSENGAGKPWKKHGNRNKKEK,0
AMPL_HUMAN_237,SSKTEVHIRPKSWIEEQAMGS,0
ALS2_HUMAN_1096,EYRIPNKAMNKEDHYVGHWKE,0
B2RUA5_MOUSE_614,PNANLLEICYKDRIQQFDDEE,0
B3KXC0_HUMAN_471,EKKTKLVVPNKMEISGLNTCQ,0
NAA16_HUMAN_532,QFDFHTYCMRKMTLRAYVDLL,0
CHS3_YEAST_323,NLAWYFPCKLKNQDGSSKPNF,0
Q3UZR8_MOUSE_267,LKSVQTGQDLKEEHPWVDYTS,0
A5YM44_HUMAN_459,NCSQLQDLHKKIITQFQRYHQ,0
B4DLF5_HUMAN_814,YYSVHNKTGAKLPVKWMALES,0
B4E361_HUMAN_290,DGPAMKNVEFKAQERGLCTVH,0
B3KV41_HUMAN_151,FERDYMCNKCKHVFVIKADFE,0
Q3UK27_MOUSE_220,SHTPWIVIIAKYLAQWYNETN,0
KLF10_HUMAN_24,ERMEMISERPKESMYSWNKTA,0
A2ARP8_MOUSE_272,LEPPTSGGFLKLSKPCCYIFP,0
K1109_MOUSE_1418,EGPGTYPGRKKKKKQMQQIDY,0
B1AM27_HUMAN_166,EYSSQEESQRKPLPTAAAQCC,0
B2RY51_MOUSE_1259,QVSVDSDNNSKLQVDYTGLIQ,0
B4DZV7_HUMAN_66,CVALPALINIKAVIEQRQCTG,0
AT133_MOUSE_1177,WALSCRKKTPKAKYMYLAQEL,0
E9Q3Y4_MOUSE_585,NPAVWIHTPAKVQLMLYTYLS,0
Q5Y190_HUMAN_2124,VHKGFDPNCNKTNGQCHCKEF,0
E9Q0J5_MOUSE_206,NTEPEMMQCLKLGALSRTTAS,0
B4DQX8_HUMAN_156,VTEDVYTSRKKQHQTMMHYFC,0
DEND3_HUMAN_96,LHDEYCFYNGKTHRECPGCFV,0
A6PW47_MOUSE_290,QPLVEQLMMVKRMQHIPTPLF,0
A4D1X5_HUMAN_312,FNLLEDRMMTKMDPQDQAQRD,0
B1ASP2_MOUSE_168,LFAQGQYDLIKCLAPIRDPKT,0
ZY11A_HUMAN_700,ALWAMYHVCSKNPSKYCKMLV,0
CHD7_HUMAN_1728,PDALFQEDSYKKHLKHHCNKV,0
Q7TQD7_MOUSE_728,WKCRTHFLLMKRSQVVIAAWY,0
CDHR2_MOUSE_969,DNGIIMFSILKAEFVRKDGTS,0
CAP2_MOUSE_151,AALGWIAVSPKPGPYVKEMND,0
Q4LDX3_HUMAN_764,DSKNLCVAADKWSFGTTLWEI,0
B7Z4I3_HUMAN_75,VKRLCHAERRKDFVSEAYLLT,0
NEO1_HUMAN_121,ISNVVHSKHNKPDEGYYQCVA,0
A4GE64_MOUSE_878,WAAARRGSAKKKIHPVQVMSE,0
Q6ZQ51_MOUSE_860,TEEKVCMVCKKKIGNSAFARY,0
B1ART2_MOUSE_1778,SVDEPNMLVGKSKFDDSLVHI,0
ESF1_HUMAN_205,IVKSPRIECSKTRREMQSVVQ,0
B2RBA0_HUMAN_131,ENCGAMTHKKKDCFERPRRVG,0
A5YM55_HUMAN_46,SATMAVVKGNKDVFVCMPTGA,0
A6PVN5_HUMAN_40,IHTVPDMGKWKRSQVPFGTVA,0
B8XCJ6_MOUSE_801,LALTMLIKIVKSLGCAYGCGE,0
Q3UHL0_MOUSE_1328,VKNPQAFMNYKVCLAEVYQDK,0
NLTP_MOUSE_168,ITPQMFGYAGKEHMEKYGTKV,0
B2RBJ7_HUMAN_836,IEQNFLNNKLKTITAYFGDLI,0
PI4P2_HUMAN_317,QKISWQAAIFKLGDDCRQKSY,0
MED15_MOUSE_344,PMLYAAQQQLKFVRAPMVVQQ,0
E9Q6H8_MOUSE_286,KRITFNFRVDKITTDSASTKE,0
F8WGX5_MOUSE_587,SAHSKSSNNLKLSIFTPNVMM,0
APC1_HUMAN_1639,PCYALLEVTYKGTQWYEQTKE,0
A5PKX7_HUMAN_558,KSRTILQQHMKKCGWFHPPAN,0
FKS2_YEAST_398,VYEIVDGRYVKSEKDHNKVIG,0
B2RRE3_MOUSE_187,IEDAVMYWMNKVNEHLKDIME,0
A2RQD9_HUMAN_193,YCIVGIAYNAKIGGIRMLDGD,0
B4DR40_HUMAN_12,RICNMMRMMMKSPRICGKKHA,0
B4DDG9_HUMAN_339,IIPVRVADAAKNTEVCDELMS,0
B7ZKJ5_HUMAN_552,LFTHKMVHKEKGANKMHKCKF,0
A8K3M9_HUMAN_144,AGDACYADVQKDGVGMVEYLR,0
A2RU29_HUMAN_418,QTWVQCDACLKWRKLPDGMDQ,0
HEM6_HUMAN_316,QHGPDLYPKFKKWCDDYFFIA,0
B4DF78_HUMAN_516,LYPISIFIKPKSMENIMEMNK,0
Q8TCI4_HUMAN_259,RTLSVWTKDAKLCCGHSTDGA,0
A0A140VJP5_HUMAN_303,SAAYAARWVAKSLVKGGLCRR,0
F8VPD4_HUMAN_2115,TPHIMTRAKKKMVVMHPMPRV,0
Q3UIQ2_MOUSE_87,MCLVEIEKAPKVAAACAMPVM,0
IF2B1_HUMAN_552,HFYASQMAQRKIRDILAQVKQ,0
Q5DTZ7_MOUSE_683,KTCPFNIVERKTDPIRLTSMC,0
A1ILG8_MOUSE_2772,SVFSPYWLINKTSRVLQYRSE,0
F8VQD7_MOUSE_768,YWRGCNKIKSKGFPRRSREVP,0
AT12A_HUMAN_1022,ILIWVYDEVRKLFIRLYPGSW,0
A0JNV7_HUMAN_284,HSQTLSRFFDKVQDLGRDYKP,0
SAMD9_HUMAN_1110,GNALNWAKQAKIIEPDNSYIS,0
B4DDZ9_HUMAN_660,INKKEFGILAKTKYFQMLKMH,0
CY1_HUMAN_310,VPLVYTIKRHKWSVLKSRKLA,0
DDX6L_HUMAN_648,KHCRGEGKISKDLSIAVQMMK,0
B4E324_HUMAN_168,QDFFRLFPEYKNNKLFLTWES,0
A8K359_HUMAN_117,VCRPTHVHEYKLTAYSLYAAV,0
KLOT_MOUSE_864,LRKVLNWLRFKYGDLPMYVTA,0
A8K841_HUMAN_327,FVNFFLLHYKKEVSVSDQMEF,0
PLXA2_MOUSE_1650,MITPDLESGVKVWHLVKNHDH,0
A4D0S8_HUMAN_72,VHLKNACVKNKGQFEMVIPTE,0
RN212_HUMAN_75,FFMSIDSLCKKYSRETSQILE,0
AMOL1_MOUSE_359,QHPGVLHEMVKPYPAPQPART,0
B2RRI2_MOUSE_208,EVARIWINDMKMRSFSPTMKV,0
RPA1_MOUSE_1554,LAHKAIVYTTKGITRCLLNET,0
B0I1T1_HUMAN_61,GSVLISVNPFKQMPYFTDREI,0
Q69ZG4_MOUSE_291,NIPVFSTLIHKLGGFFIRRRL,0
A2AHK0_MOUSE_676,PEKFNSRFRNKMFYAGTAFSD,0
B2RXC6_MOUSE_1071,MNITLGVPRIKEIINASKAIS,0
ATPA_HUMAN_252,LYCIYVAIGQKRSTVAQLVKR,0
TBG1_MOUSE_415,MEQFRKEDIFKDNFDEMDTSR,0
A8K7A6_HUMAN_327,KSLQNAQKHYKKRKGDMDELE,0
A4D1I0_HUMAN_1040,ASSSLAVQGGKIKRKFVDLGA,0
FZD1_HUMAN_398,DGARTVAQGTKKEGCTILFMM,0
B2RMN7_HUMAN_869,ACELWMGEKEKWLAEMEMPDT,0
MKRN4_HUMAN_424,SCPFGENCFYKHMYPDGRREE,0
DSG2_MOUSE_256,ARDGNGQITDKPVQQAQVQIR,0
ARH_HUMAN_152,ECHAFLCTKRKMAQAVTLTVA,0
B2RSH3_MOUSE_143,TKGNKVNVGVKYAEKQERRFE,0
A2RT57_MOUSE_280,QIHLLQFHGTKYAAIDPSVVS,0
F86C2_HUMAN_145,LSYAGLGSDGKWNLVMTRNCF,0
A5PL36_HUMAN_88,GPPGLEDTTSKKKQKDRANQE,0
MUG2_MOUSE_735,PKDPLAETIRKYFPETWVWDI,0
B3KND4_HUMAN_203,ISALCQKYPRKHSVMMTFLSN,0
B2RUK2_MOUSE_345,QQLPPEIGNWKNITVLFLHCN,0
A7MBM9_HUMAN_1286,SSEVAAHYCKKYNIQYQENFY,0
B2RRF1_MOUSE_1262,DVGASIFNGQKKVLYYADALT,0
A7E293_HUMAN_955,HEWIDLIFGYKQQGPAAVEAV,0
A0A024RDB0_HUMAN_61,LGDTAMQKMAKSHVFLSGMGG,0
B3KU60_HUMAN_225,LKEEPYFGMGKMAVSWHHDEN,0
D3Z4J3_MOUSE_1111,LMLNVPKPGHKRTDSTHSSNE,0
A0A140VJX1_HUMAN_203,MGSCAENTAKKLNIARNEQDA,0
AGO3_HUMAN_450,GKQFHTGVEIKMWAIACFATQ,0
A2AQJ8_MOUSE_748,PGSDEVWYDSKTFAYWKGGCT,0
GAS1_HUMAN_140,CAQDENCKSTKRAIEPCLPRT,0
FERM1_MOUSE_475,MAACILASKGKTMADSSYQPE,0
CC168_HUMAN_1216,QVIRRCEHGHKTRTNTILSKF,0
C9J4G7_HUMAN_70,EMYCAWLENPKSVHKSWDIFF,0
Q3TB15_MOUSE_173,IVKEVAAARRKQHLSSLQYYC,0
CXAR_MOUSE_124,DIGTYQCKVKKAPGVANKKFL,0
F8VQ87_MOUSE_1414,DTRDSKNDMKKSDNEATVSSR,0
SKIL_MOUSE_380,MELPSWYPVIKQEGDHVPQTH,0
BT3A1_HUMAN_183,PQPQIQWSNNKGENIPTVEAP,0
STT3B_HUMAN_536,KTEEGLGPNIKSIVTMLMLML,0
B2RQ36_MOUSE_277,MRTRQHLEVTKVDVETELQTY,0
A8K5T7_HUMAN_173,SEVWTHQSKIKYDWYQTESQV,0
A6H6S0_MOUSE_542,AILRLETNPSKVLDNWWSQAC,0
KRT84_HUMAN_359,RADAEAWYQTKYEEMQVTAGQ,0
B4E2D4_HUMAN_106,KTVDCVERKGKYMYFTVVMAE,0
CCNA2_HUMAN_201,VKCKPKVGYMKKQPDITNSMR,0
B7ZLQ5_HUMAN_976,EDRFLICMLHKMGFDRENVYE,0
MYCB2_HUMAN_4546,MNRYAYYVCYKCRKAYFGGEA,0
A2SY06_HUMAN_114,PPIDSEGDNFKAITIPDQRTP,0
A2RRJ4_MOUSE_396,RDPALLAVIPKYLRASMTNLV,0
A1ILG8_MOUSE_3161,LDSNFEVNFDKVPMEMRLPIR,0
PSME4_MOUSE_754,NKPPSEYFPVKDWGKPGDLWN,0
F184A_HUMAN_507,VHSNAIRDKKKLQMDLEEQHN,0
B2BH30_MOUSE_610,FIIYRDTPVVKSSSRELCYII,0
E9Q2M9_MOUSE_1552,RVGLFVIYTLKPSSVNERQIC,0
B2BH30_MOUSE_206,QQARAMVDIVKRYNWTYVSAV,0
A8K3C8_HUMAN_571,DVEVANPPASKESIDALPEIL,0
A1L2Z0_MOUSE_1082,ISVSIDQIYKKLCRNNSAQAF,0
B7Z1Y1_HUMAN_96,MYHRYWEEYSKGADYMDCLYS,0
B4DI01_HUMAN_412,GFLFAYSMRQKTRAYHRLKDD,0
NSE2_HUMAN_205,VRMIESRQKRKKKAYCPQIGC,0
A2AE27_MOUSE_18,GKSKAKYPFKKRAGLQASAAA,0
B0V2P5_MOUSE_560,FPSGDANSLSKNIMMYACVNA,0
A2RRJ4_MOUSE_76,FGLQILEHVVKFRWNSMSRLE,0
Q5HY91_HUMAN_39,EPPTEQDKRKKMPALKDPVHT,0
JARD2_MOUSE_214,SSCQSTPRKGKTHKHVHNGHV,0
EPAS1_HUMAN_741,STSHLMWKRMKNLRGGSCPLM,0
B4DMM0_HUMAN_333,LLNRVTPYREKIYMTLSAYIE,0
B0V2P5_MOUSE_2236,HDILYTIVQMKTPPHPSVEDV,0
PADI2_MOUSE_662,EVHCGTNVRRKPFTFKWWHMV,0
CSPP1_HUMAN_146,TQGITQGKRKKNFLSTSETDP,0
A7E2E0_HUMAN_224,LALMACALRKKATVFRQPLVE,0
K7EM54_HUMAN_84,QSCICLQKGPKLIIVVRTWTF,0
A9C475_MOUSE_115,KHINEVYYAKKKRRHQQGQGD,0
A1ILG8_MOUSE_709,IIPQTGFHHEKSNLLILDFGT,0
AMPD1_MOUSE_515,TGFDSVDDESKHSGHMFSSKS,0
A1DZU2_HUMAN_96,QSEAGSHTIQKMYGCDVGSDG,0
A0PJI9_HUMAN_690,RKCRSSLESQKCSPVQMLFMT,0
B4DMQ9_HUMAN_151,NDEQGLNSEFKSETAAIPSAP,0
GBRB1_HUMAN_95,TMYFQQSWKDKRLSYSGIPLN,0
A8K5U9_HUMAN_149,RQVAFDFTKVKRGADGVMRTM,0
A2A517_MOUSE_345,NCFELYIPDNKDQVIKACKTE,0
B4DER9_HUMAN_22,FNFCSRRFTMKTVLMLADQMI,0
ZFY16_HUMAN_261,QSSKMFHAKDKLQHKSQPCGL,0
AT12A_HUMAN_547,MINGEEHPLDKSTAKTFHTAY,0
B3KR79_HUMAN_535,KPGQDANLTQKTHVTLHGTEL,0
F8WIE5_MOUSE_1365,GTTQSWSSLVKNNCPDKTSAA,0
B3KW19_HUMAN_337,QDTIEITGTFKHRKMTLVEEG,0
A8K1Z3_HUMAN_620,DIVNLQVEMIKQFHMQLDEMH,0
E9Q7L0_MOUSE_966,AELVWCQEEHKNMGYYDYISP,0
B3KPM4_HUMAN_70,SIEDSFAMEKKPPCGSTPYSE,0
ABR_MOUSE_347,SAGKHQQYDCKWYIPLADLVF,0
B3KWV6_HUMAN_288,ENRMYLTPSEKHMLLKVMGFG,0
B0AZT6_HUMAN_60,RCTMHCNDKAKDSIDAGSKEL,0
E9QNL4_MOUSE_588,HLYSDSTEMVKIIVHTVQSQD,0
D6REC9_HUMAN_147,LAFACDDKDGKYDSSREAGTV,0
A6H8X1_HUMAN_1025,AAYQDSPGEQKGIKTTSSVWR,0
A8K9Y9_HUMAN_545,DICAICYQDMKSAVITPCSHF,0
LRC8C_HUMAN_21,SEQQPAFRVLKPWWDVFTDYL,0
ARPC3_MOUSE_158,VFDPQSDKPSKWWTCFVKRQF,0
Q96I63_HUMAN_92,SMFMEPAKRMKKSLDTTDNWH,0
B1ASP2_MOUSE_1089,SDFSPMALFLKMIGPTHGQMT,0
EPHA2_MOUSE_269,GQCLCQEGYEKVEDACRACSP,0
E9Q577_MOUSE_524,PLCNQDFPPTKIEQHAMYCNG,0
Q9P0U0_HUMAN_138,LDEQQDNNNEKLSPKPGTGEP,0
RGPD2_HUMAN_1361,SHMAELYRYDKDVGQWKERGI,0
TBCD9_HUMAN_172,NYYSCSYWKGKVPRQGWMYLS,0
AGRL2_MOUSE_312,FEATWETAYDKRAASNAFMIC,0
AP3M1_HUMAN_277,QNLVAIPVYVKHSISFKENSS,0
ATG19_YEAST_186,KLELEQKVTNKEPNHRISGTI,0
CASP7_MOUSE_179,DRCKTLLEKPKLFFIQACRGT,0
B3KSG5_HUMAN_61,CCRKIKDTVQKLASDHKDIHS,0
2ABA_HUMAN_218,TDRSFNIVDIKPANMEELTEV,0
A8K7J7_HUMAN_489,LTKDMLLEVKKRMRAEMELGL,0
ITB1_MOUSE_476,CQSHGIPASPKCHEGNGTFEC,0
2ABA_HUMAN_48,HSGELLATGDKGGRVVIFQQE,0
CRWN3_ARATH_925,DSITTGGRRKKRQIAVPVSQT,0
Q3V2G1_MOUSE_33,QQDEPQSQWDKVKDFANVYVD,0
B2R825_HUMAN_596,TMYNRIKKDPKKLFVPRTVII,0
NOG2_HUMAN_346,CNVAPIAGETKVWQYITLMRR,0
A8K3S1_HUMAN_18,HYPQASEWAAKYIRNRIIQFN,0
MARF1_MOUSE_207,HFQSCHSNVHKLHQFQNLQGC,0
ZNFX1_MOUSE_744,HGVLREQHLEKYISAQHWESL,0
RHG05_MOUSE_34,EKDKGNCGVGKSCLCNRFVRS,0
ANK2_HUMAN_726,KHGADQDAHTKLGYTPLIVAC,0
LIFR_HUMAN_472,INFLCEIEIKKSNSVQEQRNV,0
A4QPE6_MOUSE_207,RNEFWSALLEKAYAKLHGSYE,0
MED13_MOUSE_1265,VRSSCLHPWAKQNDASVQCSQ,0
A8KAK1_HUMAN_1003,NLRVFMNCQSKPSDMPLKSFY,0
ITPR2_MOUSE_1530,YNCTWPNPAQKASVESCIRAL,0
GNA12_MOUSE_124,GIPWQHSENEKHGMFLMAFEN,0
A2AGR0_MOUSE_1548,LGGEFPVQDMKTGEGGLLQVT,0
A8K3C9_HUMAN_372,MLTCMYTGKEKVSPGRTSDPN,0
F8VQK3_MOUSE_487,THQALEEEKKKTVDLLYSIFP,0
A6NMF3_HUMAN_181,WYNTSVMRKVKFYDENTRQWW,0
B7Z1P9_HUMAN_275,ITIKSLAETEKEYEYSFRTEQ,0
ESPL1_HUMAN_270,RRFCWSRHHDKAISAVEKAHS,0
G3X9H5_MOUSE_1601,VADIILPMLAKQQMHIDSHEA,0
B4DX34_HUMAN_364,GAKKSFYWARKTSHSFVVNIL,0
F6WJB7_MOUSE_1538,DSSEDQVENSKNSWTCKFVAA,0
B7Z2E2_HUMAN_35,FVQLHFGKERKRHLTYAEFTQ,0
B1ASP2_MOUSE_18,EDCNAMAFCAKMRSFKKTEVK,0
CC168_HUMAN_797,QDKPPGMIQRKMCILFSKPLP,0
A2AQR0_MOUSE_658,KRFHKFDEDEKGFITIVDVQR,0
G3X8P9_MOUSE_1118,IISKNPQGTWKDWAQTAFDQS,0
IKZF3_HUMAN_278,SSMPQKFIGEKRHCFDVNYNS,0
CC168_HUMAN_661,ILIFPKHQEEKVQECEGEPGV,0
C7G3P1_MOUSE_1073,MCLKRLNYDRKDLERRREESQ,0
A1L2Z3_MOUSE_803,NWVVYQYWNSKARRNELTALE,0
SMHD1_MOUSE_358,HIYHYYIHGPKGNEISTAKAI,0
B8JKU3_MOUSE_106,QDAVNMLCMPKGLSFRTQADN,0
CPSF1_HUMAN_1333,LSKKSVVWENKHITWFATLDG,0
PI4KA_MOUSE_419,QFNMSQGELQKILHDADRIHS,0
A4D1K4_HUMAN_617,EMPITVLQSMKLGIDVNRHKE,0
A0AUY0_HUMAN_93,FQSMHASYYHKAHACIMVFDI,0
ARHG8_HUMAN_489,HTLQANDVFHKQQWFNCIRAA,0
A0JNY3_MOUSE_244,HITAAALAAKKHPFYTSPALF,0
F8WIG2_MOUSE_108,YRMGQHYEEEKRAMSHEIVAL,0
CE192_HUMAN_685,DENDVTLTADKGKTEDTFFMS,0
M3K5_HUMAN_645,IYFCTELHCKKFFEMVNTITE,0
RIPK1_HUMAN_45,FHRTQGLMIMKTVYKGPNCIE,0
D3YUT2_MOUSE_439,RSSEQVYFSLKDMFMETTRAG,0
A2A369_HUMAN_21,PVRRETNICLKSGWAAHPCHF,0
B1ARD6_MOUSE_652,AKNICQAVTRKTFMNYKFKTE,0
A8K9N0_HUMAN_242,NQVNVTCQVRKFYPQSLQLTW,0
ZN318_MOUSE_1719,QNKPYEIVSPKTDTLVMWTSG,0
KTNB1_HUMAN_105,AKILRTLMGHKANICSLDFHP,0
B3KPX4_HUMAN_325,NIMIEPQATRKAQDFHWLTRS,0
ALMS1_HUMAN_3004,VVEKNNQHKPKSHISNINVEA,0
RN168_HUMAN_535,MQLKQSVNRRKMPNSTRDHCK,0
A8K037_HUMAN_250,VMCQWMEEFRKDLCRFWSNVF,0
G3X8P9_MOUSE_717,QHKSFFKSERKLECGNVDEAF,0
A0JNV7_HUMAN_81,CATLSKVSCGKFSDCWNTEGS,0
AIP_MOUSE_270,KYDDNVKAYFKRGKAHAAVWN,0
G5E8Q0_MOUSE_1584,ESQENIFFPSKWQHLVLTYIQ,0
B2RBJ7_HUMAN_23,FLFTEEREDCKILCLCSRAFV,0
A8DIL0_MOUSE_70,DVAFHFNPRFKRSSCIVCNTL,0
AKAP9_HUMAN_2762,KEDETEVQESKKACMFEPLPI,0
B9EK95_MOUSE_1584,CDPYIKITLGKKVIEDRDHYI,0
CUX1_HUMAN_1479,RDSRDNPLRKKKAANLNSIIH,0
A8K4M4_HUMAN_157,FIAGMAAIVDKPWFYDMKKVW,0
CHIC2_HUMAN_138,HKLCLHWRLSKRKCETNNMME,0
B4DFG9_HUMAN_12,PQWNVTSVRGKTKCMMKSSDC,0
A5D6P3_MOUSE_333,GPYFLMSFLYKALHDLMMFAG,0
EF2K_HUMAN_235,LFHLEHYIEGKYIKYNSNSGF,0
SPIN4_HUMAN_158,MDTWFYITYEKDPVLYMYTLL,0
UBP22_HUMAN_87,LYCVFFGCFTKKHIHEHAKAK,0
A0A0S2Z4C3_HUMAN_80,AQTVRSTMNFKIGGVTERMPT,0
PDE2A_MOUSE_104,DPPHELPQEGKIREAVISQKR,0
A8MZ87_HUMAN_200,NLALLCQNQGKAEEVEYYYRR,0
CFAI_MOUSE_48,LQKYTHRSCNKVFCQPWQRCI,0
MOT9_HUMAN_263,LHKNPTVTHTKEPETYKKKVA,0
Q3TED0_MOUSE_302,AEETMKMEEDKSRGSLMDFIK,0
AKA11_HUMAN_1229,DNKIIQEPKVKNPCLNVQSQR,0
B4DM10_HUMAN_355,KDMGPPKENKKETERASPIKM,0
WDTC1_HUMAN_222,YDIRMIHNHRKSMKQSPSAGV,0
SYIC_MOUSE_344,RVCMDFNIIQKDSVPVCPVDA,0
B1ASP2_MOUSE_540,LRTDNISFVLKRCCQPKPREI,0
CFTR_HUMAN_1200,VMIIENSHVKKDDIWPSGGQM,0
B4DHE8_HUMAN_161,HEINNKMVECKKAQPKEVMFP,0
A0A090N8H1_HUMAN_158,PKCERRFWRRKQLRAHLRRCH,0
CHIP_MOUSE_204,IRAQQACIEAKHDKYMADMDE,0
O60747_HUMAN_355,HLAVPNKRDDKPMEVFVFVFL,0
B4DES7_HUMAN_317,VVDFMHLDPKKAGTYFSNQAV,0
A0A140VJY7_HUMAN_74,CVFIYCQVGEKPYWKDPNNDF,0
A0A0S2Z3G9_HUMAN_535,AIDQLHLEYAKRAAPFNNWME,0
CJ076_HUMAN_432,LHRMPMRHRKKAADKNLPCRP,0
G3X8T7_MOUSE_548,CPPWWYKCAHKVLIWNCCAPW,0
B2RX15_MOUSE_75,FLFGRDGNPNKRNVHNETSMH,0
MTMRC_HUMAN_302,IQKSFLDGIYKTIHRPPYEIV,0
DYHC1_MOUSE_3130,VPDYMPVVYDKLPQPPTHREA,0
E3UVT9_MOUSE_771,SNETLELWKRKNITAYSVSWG,0
RIMKA_HUMAN_170,RGKAVFLARDKHHLSDICHLI,0
A5D8X7_HUMAN_21,PHRSESARRSKNTLERTHSMK,0
Q6PGJ3_MOUSE_735,NETNNMVITWKPLRWMDWNAP,0
B3KTF7_HUMAN_272,LPNWMNMAQPKQLRPKRGEEE,0
Q5CZA6_HUMAN_1542,YHKGCFKQWLKGQSACPACQG,0
A0A087WV22_HUMAN_133,FPGRQKIHISKKWGFTKFNAD,0
B2RSC8_MOUSE_585,VAREWFFLISKEMFNPYYGLF,0
H0Y9D5_HUMAN_42,YFCNGGKIIDKRLQELGARHF,0
E9QKE4_MOUSE_743,CVALGSFFFWKCLHGESSTEE,0
B7Z4L9_HUMAN_448,NNRCMVEIVEKYDPDKDEWHK,0
B2RWP5_HUMAN_1743,DKDRIIDAGPKGNYARFMNHC,0
B2RE75_HUMAN_178,SDNGSYICKMKINNEEIVSDP,0
NCKX4_MOUSE_424,PFSMPEAKGDKAKWVFTWPLI,0
A2ATU9_MOUSE_160,GGETFTFQIHKADMTCRGFRE,0
G3X8P9_MOUSE_173,FCKASGCCQSKENGVCCLDQE,0
B2RXC8_MOUSE_332,SPLYGTEQPPKYEDIVHLSAL,0
A8MSL3_HUMAN_167,NEDICQWNKMKYKSVYKNVIL,0
B4DTQ5_HUMAN_67,PSIWQWGQGNKVYACMMVFFL,0
A8K6T5_HUMAN_357,EPDPHAPDPEKLELDWWAGKP,0
F111A_HUMAN_505,KKCQERVQSKKAESPEYVHMY,0
UBP54_HUMAN_314,STFFFQTKIRKWMYFDDAHVK,0
ZC3H1_HUMAN_389,LQSASKKWQQKEQQVMKESKE,0
A2A8T1_MOUSE_46,QFYLHRKWLLKALQQFPSPPF,0
DCE1_MOUSE_73,VSAFRERQSSKNLLSCENSDQ,0
ATM_MOUSE_1405,ATFAYISNCHKTKFKSILEIL,0
B2BH30_MOUSE_797,FVPIYFGSNYKIITMCFSVSL,0
B2RSU7_MOUSE_1593,AILMEQIKLLKSEIRRLERNQ,0
ERCC3_MOUSE_772,YHSSRSKASSKHVHPLFKRFR,0
B1ART2_MOUSE_492,ADASCMNTYTKRDHVFAKLNV,0
A8KA27_HUMAN_314,SVSLWQFYLSKMISMDIEQVI,0
ADT4_HUMAN_117,YKQLFMSGVNKEKQFWRWFLA,0
ACACA_HUMAN_535,TVQELNFRSNKNVWGYFSVAA,0
ITPR1_MOUSE_2632,NKTVTFEEHIKEEHNMWHYLC,0
APOB_MOUSE_2553,YMSDWWTLTAKNITDFAEQYS,0
A8K194_HUMAN_215,TAQIIEREGWKTNMDFVGHRK,0
B4DRG3_HUMAN_150,IGSYFTLQMLKRVPELPLMLP,0
C9J0J7_HUMAN_21,FTNGLTLGAKKCSVIRDSLYV,0
ETFD_MOUSE_23,YHWFHALKIKKCLPLCAPRCS,0
ATM_HUMAN_1903,SEHFFRCCLDKKSQRTMLAVV,0
PSMD6_MOUSE_59,NMAPYYEALCKSLDWQMDVDL,0
A0A087WW65_HUMAN_63,RAYQQIPESLKSITWQRLGKG,0
A8K594_HUMAN_472,YPSTVWDFINKKVTVGLYGPK,0
A8MXQ1_HUMAN_43,SQECLWCNTNKACLDYPVTSV,0
A5D6P3_MOUSE_31,TWHTSNPDFTKCFQNTVLTWV,0
ESF1_HUMAN_495,SEVNLTAYKPKYFTSAAMGTS,0
CE350_HUMAN_3047,KEPNHKTDWQKMMKFGRKKRD,0
A5XEI3_HUMAN_56,HLRRYVYVLDKLYFPHSHCST,0
A5D8X7_HUMAN_156,DTRRKVKSAEKTSTQRHEVIR,0
F8WEJ5_HUMAN_385,IYFHKDWRGRKKNCFVCQKQN,0
A8K6L5_HUMAN_491,VPQWRFSKDAKVRESHFLQKL,0
BAZ2A_HUMAN_822,RQQMILEEMKKPTEDMCLTDH,0
Q9P0K0_HUMAN_184,PVQSVPTTVCKEILLGCTAAT,0
A2AEX8_MOUSE_33,CHYCRDPLQGKKYVQKDGRHC,0
A0A1W2PQ51_HUMAN_452,GWPAMCIHGDKSQPERDWVLN,0
A2AQN4_MOUSE_355,GYMLYVATTFKYVFDFHPEDV,0
NUD1_YEAST_155,TNTFKRHLDMKNKTTTMQTHE,0
UHRF2_HUMAN_726,HLVEGPNFLKKLEQSFMCVCC,0
B2RAI2_HUMAN_272,QYSSRTDRVLKHKRMCHENHD,0
KPCG_MOUSE_130,LLYGLVHQGMKCSCCEMNVHR,0
AT10D_HUMAN_951,DKLFILNTQSKDACGMLMSTI,0
A1L2Z0_MOUSE_713,TLVQGTNTRLKYSQNELEMIK,0
A2RRJ4_MOUSE_125,VLSRIVVEMIKREWPQHWPDM,0
DAAM2_MOUSE_781,KSDIDLLEEHKHEIERMARAD,0
CAC1B_HUMAN_1343,EVEAQPRQWKKYDFHYDNVLW,0
OSH7_YEAST_145,HFTAYWDLPNKQQAFYIAEQT,0
Q5VZU9_HUMAN_997,SAAKRQGKFKKDVIPVHYYLI,0
NOC4L_HUMAN_246,LWDTWKVAHLKEHRRVFQAMW,0
B5ME97_HUMAN_477,ETNGGRKDAEKAPIFCKTEVP,0
EF3A_YEAST_265,LNERETGIKRKSAVIIDNMCK,0
B1ARU4_MOUSE_927,SVCFLIPPPNKEAIEMASRVE,0
GLMN_HUMAN_178,MDDYGLCQCCKALIEFTKPFV,0
B2RXV9_MOUSE_344,VIGDHPKIQIKNSTFCMTAYP,0
B2RUA5_MOUSE_203,QRLIEQIHPSKDDNQHSNASQ,0
A2AEG3_MOUSE_68,SSPGCFECCIKCLGGVPYASL,0
B1ARU4_MOUSE_7149,GWMALDEFLVKNDPCRARGRT,0
Q9NSJ7_HUMAN_24,HRHCKGDDNGKKANNPNHCNC,0
J3KRV9_HUMAN_178,CRAEGCWWSAKVVIKCSCISS,0
G3X9Q6_MOUSE_62,GHTELSEDMCKEYEVMYSPSC,0
AT2A1_MOUSE_371,MSVCKMFIIDKVDGDVCSLNE,0
PREX2_MOUSE_442,ENGIIHHVTDKHQFKPEQMLY,0
B3KY63_HUMAN_1164,VEERITQVAKKKMMLTHLVVR,0
B4DMQ9_HUMAN_265,SNVIADHRDFKRDRETHRDRD,0
MTMRC_MOUSE_352,NSSEFWDTDIKWFSLLESSSW,0
BIG1_MOUSE_1359,KYVSDRPQAFKEYTSDDMSVA,0
M3K1_HUMAN_1168,PEKAENDDTYKDDVNHNQKCK,0
A8MZ87_HUMAN_270,KEFGSVNGDNKPIWMHAEERE,0
SYIC_MOUSE_118,VAKMGIAEYNKQCRAIVMRYS,0
B2RSU7_MOUSE_1044,NFERHIEDLTKQLRNSTCQYE,0
A0A024RDT4_HUMAN_432,DALVIFQLYEKIKVPVDWNRV,0
A8K097_HUMAN_273,GHMPTVELLKKYHLMQFAEVT,0
A2AUK5_MOUSE_337,ISYKRSNFYIKIRPGEYEQFE,0
B7Z271_HUMAN_121,IDRPRCCLRGKECCINRFQQV,0
DYM_MOUSE_312,NPYRQAVSSFKNTQDSSPFPS,0
A0A024R179_HUMAN_509,SVALCLAVAFKSKATNDEIFS,0
OSB10_MOUSE_152,VVYSANGEMYKLRAADSKEKQ,0
ASPM_HUMAN_2950,QAMWRRYRAKKYLCKVKAACK,0
A2RQD9_HUMAN_112,RSEMNVQAAWKRGYTGKNVVV,0
A0A140VJZ1_HUMAN_824,TMCGHYVCHIKKEGRWVIYND,0
DPP8_MOUSE_41,EGNGESQDRPKLEPFYVERYS,0
KDEL2_HUMAN_133,EHVAQSPYILKGPVYHEYCEC,0
A1ILG8_MOUSE_3014,FAWADPTGIRKLTWNYAANFG,0
AKAP9_HUMAN_3606,TGHISQLTEEKNDLRNMVMKL,0
PCLO_MOUSE_4993,NIATQKKVIKKKTRVCRHDRE,0
A2A8T1_MOUSE_459,FSGGARNCIGKQFAMSELKVI,0
E9Q3S2_MOUSE_452,YQGQVISHEKKAHDNWLAART,0
EIF1A_HUMAN_59,FLVSMPSKYRKNIWIKRGDFL,0
GNAO_MOUSE_311,AAYIQTQFESKNRSPNKEIYC,0
UBP20_MOUSE_555,LAAFFAADELKGDNMYSCERC,0
B7Z5X3_HUMAN_30,QRGLAKGANQKKRMDIMDISV,0
IL18_HUMAN_132,MNPPDNIKDTKSDIIFFQRSV,0
CUL4A_MOUSE_345,ALLQHWSEYIKTFGTTIVINP,0
PTEN_HUMAN_344,NRYFSPNFKVKLYFTKTVEEP,0
FKS2_YEAST_1784,LPVICIPKIDKFHSIMLFWLK,0
A4D0Y7_HUMAN_16,LTRAGQRTRFKAFVAIGDYSS,0
C9JXQ1_HUMAN_99,SSVINAMLWDKVLPSGIGHIT,0
A2RSF4_MOUSE_160,QRLRNLNEINKLLAHRPWLIT,0
B3KVC8_HUMAN_169,VNCKEYKKGDKLLRHWASEIE,0
CHK1_HUMAN_54,RAVDCPENIKKEICINKMLNH,0
B4DIP7_HUMAN_344,QNSHSVLDHKKGDDFFVYADY,0
B2RWT9_MOUSE_663,WCVWQQLCTHKASCDAGPMVA,0
ASPM_HUMAN_1989,SYYRMHVQQKKWKIMKKAALL,0
E9Q5W5_MOUSE_1097,EQPVVLHTWTKESTHNYENNC,0
Q3ULC7_MOUSE_768,RTEAVTEIQEKWHDSRRWQLT,0
A2RUM7_HUMAN_241,VTPDMMEEMYKKAHAAIRENP,0
Z518A_HUMAN_213,VNGNFQCEKCKFSTQDVGTFV,0
ACOX1_MOUSE_241,GYEEMDNGYLKMDNYRIPREN,0
A0A024R9A9_HUMAN_149,FLKNARQWTEKHARQKQKADE,0
B3KU43_HUMAN_221,IRGQTICIDKKDECPTSAVIT,0
GBF1_HUMAN_960,IIQKAISGFRKCAMISAHYGL,0
AN18A_HUMAN_709,ELEEEATGYKKCLEMTINMLN,0
CENPC_HUMAN_721,DDSKQSKVIPKNRIHHKLVLP,0
STT3B_HUMAN_242,FTYYLWVKSVKTGSVFWTMCC,0
B4E054_HUMAN_49,GQMISAEDCAKTFINLMTHIC,0
AHNK2_HUMAN_4701,GEVGMDSKFKKLHFKVPKVSF,0
Q3U8B3_MOUSE_397,TTTLWGEDADKFDGSRQPVMA,0
A6Z3V4_HUMAN_27,LLTLFFITQLKMLNTNYHLPP,0
ADCY9_MOUSE_853,FFLEDVMTCTKWLLEWIAGWL,0
A2RRQ7_HUMAN_170,RCVIMCQGSKKDFFKKFLYEP,0
LIN7A_HUMAN_113,HSHPRVVELPKTDEGLGFNVM,0
CC168_HUMAN_871,RSQKENRHEVKTIDMRFRIHC,0
E9Q5W5_MOUSE_1763,IAQEDPEKQRKMHMFIARYCD,0
E9PPH6_HUMAN_856,EEKDNAGKNQKNQFIVSHSEN,0
B1AMU3_HUMAN_151,PISWCEMQCPKTHTKEFRKVA,0
Q0VGP5_MOUSE_453,PPSHSRPGSHKDLTRCVTCQE,0
A2AFF6_MOUSE_449,RRDPEEDGLMKRRGRQGPNAN,0
A8K359_HUMAN_675,QDTQEMAYSTKRQRFLVDQGY,0
U119B_MOUSE_236,RSDSFYFVDNKLVMHNKADYA,0
Q3UGC8_MOUSE_690,GQEICVIEAMKMQNSMTAGKM,0
RPA1_MOUSE_1679,MTFETSFQFLKQATMMGSHDE,0
A8K5T7_HUMAN_70,NYCVAVADAKKSLELNPNNST,0
B9EIV8_MOUSE_114,EDEDSRRREVKAPRMGTFIGV,0
F8WJ40_MOUSE_1256,HRDTWCCRRCKFCHVCGRKGR,0
ANO6_MOUSE_850,IVMEHIIYSVKFFISYAIPDV,0
E9QAS7_MOUSE_45,REFYQVLHTHKPHFMALHCQE,0
A0PK78_MOUSE_23,STYTIYMGKDKYENEDLIKYG,0
ALG9_HUMAN_249,FDLLVMKHRWKSFFHWSLMAL,0
ARI5B_HUMAN_295,CEARSALTKPKNNHNCKKVSN,0
KIN10_ARATH_428,CWKKIGHYNMKCRWVPNSSAD,0
SMYD5_HUMAN_183,MVATVKQAKDKDRWIRLFSQF,0
TBC9B_MOUSE_316,TGCTLWTPFNKLHIPGQMFIS,0
PBLD2_MOUSE_52,MNLSETAFVRKLQPTDDFTQS,0
MRC2_HUMAN_408,AEKRSWQESKKACLRGGGDLV,0
SH24A_HUMAN_192,QMLADSINRMKAYAFHQKKES,0
A2VCQ7_HUMAN_55,EMEEDGVRKCKKCEGPCRKVC,0
B2R825_HUMAN_81,TQQHYYDKCPKRVYYLSLEFY,0
MYO7B_MOUSE_1284,RQAPWRIYFRKEFFTPWHDSQ,0
B2RDF9_HUMAN_44,EFCEIFRAKDKTTGKLHTCKK,0
ERBB4_MOUSE_1157,EEGYMTPMHDKPKQEYLNPVE,0
2A5A_HUMAN_404,IMFASLYKISKEHWNPTIVAL,0
B2BH30_MOUSE_639,LCTFCLIAKPKQIYCYLQRIG,0
SMHD1_MOUSE_1940,QLQYLHTPDMKKKKQELDEQE,0
Q540J8_MOUSE_229,WASGRLTSTAKFFFHFRCRMF,0
ARG39_HUMAN_202,QRVHTIGQKQKNDQHLRRVQA,0
A8K8X0_HUMAN_130,FMAYARVGEYKKMQQAGMALY,0
ATF6A_MOUSE_272,APVVSSPVNGKLSVTKPVLQS,0
A1L3B5_HUMAN_14,MANSSIEFHPKPQQQRDVPQA,0
INSRR_MOUSE_171,APGTNHIVGNKLGEECADVCP,0
ATM_HUMAN_2505,SGVSEVNGMMKRDGMKIPTYK,0
G3X8T7_MOUSE_1502,IFGMSNFAYVKKESGIDDMFN,0
TITIN_MOUSE_779,VIQAPSETHIKTTDQMGMHIS,0
VPP2_MOUSE_240,WGEQIGHKVKKICDCYHCHIY,0
CDCP1_HUMAN_62,LAKPCYIVISKRHITMLSIKS,0
MAP11_HUMAN_42,GSYFCSQECFKGSWATHKLLH,0
A8MYT4_HUMAN_117,DQMSRLAKLTKAHRQGHMVKV,0
A2A369_HUMAN_71,YQWGNRVIFGKSSGPEFLQEV,0
AFF4_HUMAN_166,YNNSGSSSRKKGQHGSEHSKS,0
DEN4C_MOUSE_882,STRSGIFLWTKVRNVVHGLAQ,0
LYPA1_MOUSE_201,ALINPANVTFKIYEGMMHSSC,0
CBP_HUMAN_1820,RKTNGGCPVCKQLIALCCYHA,0
BRCA2_HUMAN_3190,LMHILHANDPKWSTPTKDCTS,0
Q5JC45_HUMAN_181,GDIKILWHTMKNYYRILMRRD,0
CD36_MOUSE_100,PYTYRVRYLAKENITQDPEDH,0
E9Q9G6_MOUSE_110,GAGKSYTMMGKQEKDQQGIIP,0
B4DYS3_HUMAN_273,TRNPSLMKQEKKSPSGFHFHP,0
A4D0U5_HUMAN_26,QGFGAPCLKCKEKCEGFELHF,0
B4DW31_HUMAN_158,NHKTMNEKAWKRWCTQILSAL,0
DYH11_HUMAN_197,DMEYHIEVMKKKMYIFRGKMS,0
B4DMH5_HUMAN_34,WVNYTHFKQLKNQWKVRRGDT,0
AL8A1_MOUSE_192,MTSVTAWMFCKLLDKAGVPPG,0
A8K4F5_HUMAN_89,KKVDKATHVEKQPSSYKAPCR,0
BSD2_YEAST_298,VAFLGLFITLKSIYDYIQVKK,0
A1L195_HUMAN_102,MNTFSVMPSPKVSDTVVEPYN,0
B2BH30_MOUSE_664,PAMSYSALVTKTNRIARILAG,0
NMDE1_MOUSE_1078,ATCHREPDNNKNHKTKDNFKR,0
A8K0S7_HUMAN_127,GWPPCGKVLRKWFEPSQFGTW,0
Q3TAD4_MOUSE_157,QQLAEKHHGNKCTIPWYIMTS,0
NLK_MOUSE_11,MSLCGTRANAKMMAAYNGGTS,0
A8K6I4_HUMAN_792,DMGIQDQGLKKVIQKVEAFEH,0
A2AG68_MOUSE_40,IGKVNGVHHIKVSLEEKSATI,0
ASPP1_MOUSE_160,VAKEQRLHFLKQQERRQQQSV,0
B4DQ09_HUMAN_621,LLGLIIRQKLKRQHSACASTS,0
B2RUJ8_MOUSE_448,NVTKITENGKKVRKNWLSSWA,0
NEIL3_HUMAN_281,RMTYFCPHCQKENPQHVDICK,0
B7ZCI2_MOUSE_270,AAVLASDVKYKKDVQAMHKPV,0
HDA11_HUMAN_196,NGHERDFMDDKRVYIMDVYNR,0
KCNH1_MOUSE_327,EVSAFMGDPGKIGFADQIPPP,0
B4E3L4_HUMAN_829,FSPQTLCCYGKQLCTIPRDAA,0
Q5TCC6_HUMAN_162,WIIPEIYHFWKPRWSIAPGKS,0
Q3TIT7_MOUSE_126,DNVYLVPTPSKTQQGLYQAPG,0
A0A024R7B7_HUMAN_240,PRACFRQFFTKIKTADRQYME,0
GBRB2_HUMAN_352,AEKAASANNEKMRLDVNKIFY,0
TITIN_MOUSE_2679,NNFRGESDGHKRRLVIAAAKL,0
B3KT18_HUMAN_104,PQHSQHRTPCKGGIRYSTDVS,0
MYH1_MOUSE_297,HIFYQIMSNKKPDLIEMLLIT,0
TPC13_MOUSE_328,NLEEPFHITCKITNCSERMMD,0
A0A024R163_HUMAN_460,DFSNSPLHRFKKPGSKNFQNI,0
A2AG68_MOUSE_729,GGWYFYIQAYKALKHKTANMD,0
EPMIP_HUMAN_349,NNWLRRGKTLKLIFSLRKEME,0
ARK72_MOUSE_172,RACHQLHQEGKFVELGLSNYA,0
APC1_HUMAN_1493,SAFNCLHKFAKDFMTYLSAPN,0
CALX_HUMAN_207,DYKLHFIFRHKNPKTGIYEEK,0
KRR1_HUMAN_340,VKPKEASTETKIDVASIKEKV,0
E9PVP1_MOUSE_1130,FPVMQKTCSIKVHWGTWLIYE,0
PRC2C_HUMAN_1712,EEQVIQVWNKKNANEKGRSQT,0
AT133_HUMAN_1095,LIVAIAFSKGKPFRQPCYKNY,0
ACHA5_HUMAN_100,NQLMTTNVWLKQEWIDVKLRW,0
PACE1_MOUSE_35,AVYPAILQDGKCASVFVYKRE,0
AKT1_MOUSE_400,QRLGGGSEDAKEIMQHRFFAN,0
G3X9F2_MOUSE_1164,LFVTNESNSQKTYIVHCQNCA,0
PR15B_MOUSE_657,EFARDGCRFQKRIQETEVAIG,0
DYHC1_HUMAN_624,DDIESLHDKFKVQYPQSQACK,0
ELMD2_HUMAN_96,EKDASFKICMKMCLLQITGYK,0
B4DM84_HUMAN_577,STGGKCGCGFKHFWDGKEYDN,0
A8K8X3_HUMAN_458,NFITFFIFLNKTFQWPNSRDI,0
A2A3P3_HUMAN_496,RDRYISSLKKKCQKESEQNKE,0
RELL1_HUMAN_208,KRWHFIKPTNKSRESRPRRQG,0
B4E053_HUMAN_222,FCQQEVGPMCKESDHIHIIAL,0
TARB1_HUMAN_1533,PPQLIDYLQQKKTEGYTIIGV,0
BCLF1_HUMAN_737,PKDYKEYKSYKDDSKHKREQD,0
TRPM7_HUMAN_1323,FHCNILMKDDKDPQCNIFGQD,0
A2AQJ8_MOUSE_312,TLTQMGPAAAKQKVRCRTDVH,0
Q3U1I6_MOUSE_282,KYHQYIPPDQKQDKGAPAMDS,0
ZN185_HUMAN_253,GSNSADGGRTKASRAIWIECL,0
B4DWD9_HUMAN_78,FESEKRKVICKTLRFVAHYYG,0
Q6PGA5_MOUSE_72,HTIDWVREKCKDRERHRRINS,0
UNC5B_HUMAN_63,EPQDAYIVKNKPVELRCRAFP,0
CE034_HUMAN_211,QIMKSKETLKKMSCVNGTEGR,0
B9EK95_MOUSE_2014,TSFLWFTNPCKTMRFIVWRRF,0
A1L2Z0_MOUSE_437,QIEEHKKRIEKLEEYTKTCMD,0
AT8A1_HUMAN_566,MSVIVRTPSGKLRLYCKGADT,0
B0V2P5_MOUSE_2939,KQQLLISGGRKGYICIFDIRQ,0
A0JLQ9_HUMAN_178,VFCFRYKIQAKGKTPSLDPHQ,0
MYCPP_HUMAN_181,SPPHTFCKVDKNLNNSMWGSA,0
G5E8Q0_MOUSE_1636,RKTSLSSDSNKTFCMIGHCLT,0
G3X920_MOUSE_378,LGANDEDIRKKIIETETMMDR,0
C7TQ62_MOUSE_124,RRACISIVEWKPFEIIILLTI,0
AFF4_HUMAN_769,KVSNKGKRKHKNEDDNRASES,0
E9PX30_MOUSE_625,TKIPDTKGCHKCCIVRNPYTG,0
B2RAX6_HUMAN_213,TSTSLPRGILKMKNCQHANAE,0
SO1A6_MOUSE_20,IHRVRCFAKIKVFLLALIWAY,0
AB1IP_HUMAN_190,VKVHMNDNSTKSLMVDERQLA,0
SCN1A_MOUSE_928,DCVCKIATDCKLPRWHMNDFF,0
2B11_HUMAN_41,DTRPRFLWQLKFECHFFNGTE,0
AKP8L_HUMAN_500,FIPMQFGIIQKHLKTMDHNRN,0
B0V2P5_MOUSE_161,NRAPPVLNDWKCIWQCKTSVS,0
GAP1_YEAST_591,IAEEKAIMATKPRWYRIWNFW,0
B9EK95_MOUSE_1317,EILAWGLRNMKNYQMASVTSP,0
MARF1_MOUSE_1124,FIPSYHHHFGKQCRVSDYGYS,0
ATF6A_HUMAN_169,NKTENGLTPKKKIQVNSKPSI,0
CORIN_MOUSE_903,HICGCVLIAKKWVLTVAHCFE,0
CMTR1_MOUSE_508,SNESYCSLQIKALAKIHAFVQ,0
A4D1K4_HUMAN_670,VFANCIPLILKFFNQNILSYI,0
RIR1_YEAST_578,GILQFDMWDQKPYGMWDWDTL,0
B4DM84_HUMAN_490,VPPEWLAPGGKLYNLAKSTHG,0
FKS1_YEAST_632,YLVWVTVFAAKYSESYYFLVL,0
NXT2_MOUSE_31,FVNIYYETMDKRRHALVRLYL,0
A6NIT2_HUMAN_397,PHTVDRVPMGKLPHMWGQSLY,0
B4DWA1_HUMAN_285,GWHYGESEKTKMRGWFPFSYT,0
NEMF_MOUSE_478,YANAKKYYDHKRYAAKKTQRT,0
GRHPR_HUMAN_235,LCNKDFFQKMKETAVFINISR,0
A1CF_MOUSE_39,YSLVQENGQRKYGGPPPGWDS,0
A0A087WVQ6_HUMAN_165,CQIINYRTDAKQKWLLLTGIS,0
MTMR6_MOUSE_493,LEPNTASFNFKFWRNMYHQFD,0
PO2F3_HUMAN_337,VWFCNRRQKEKRINCPVATPI,0
ARI1A_HUMAN_1238,PNKDPYGSMRKAPGSDPFMSS,0
B3KMC9_HUMAN_110,MAIDGVAPRAKMNQQRSRRFR,0
BBS10_HUMAN_372,IPNTALVKFCKPLILRSKRYV,0
AT133_MOUSE_531,EDNVCSEMLVKSQFVACMATC,0
A8K571_HUMAN_332,SSSDQRQACKKHELYVSFRDL,0
ARC_HUMAN_251,QIQNHMNGPAKKWWEFKQGSV,0
EPHA2_MOUSE_140,GTNFQKRQFTKIDTIAPDEIT,0
NOMO1_MOUSE_384,EHLYFEMVTIKIAPNTPQLAD,0
LETM1_MOUSE_283,KNKAAKGNATKDFSAFFQKIR,0
A6PVK0_HUMAN_287,CPQCQIVVQKKDGCDWIRCTV,0
B2KGP3_MOUSE_490,VIVVFLRDMNKAVNVSEESEW,0
E9QPI5_MOUSE_749,VHCIHAIFSNKEVQLAQIFEP,0
Q0GUM2_MOUSE_309,FFNDDIEEFEKILSHYRACFG,0
A1YBP1_HUMAN_601,IYAIHDETFYKGKKIPKDQKS,0
E9Q2H1_MOUSE_2103,PTKMSYAANLKNVMNMQNRQK,0
Q69ZB1_MOUSE_785,LSYKEHLPVTKIVITDTGRPH,0
A1YBP1_HUMAN_1941,QHNQNMSGLEKVSKISPCDVS,0
Q68DY8_HUMAN_20,QKKLILLQFLKIAEWGTTVGQ,0
AMD_MOUSE_780,EIIDVFKPVRKHFDMPHDIVA,0
CBARP_MOUSE_574,TRAHPHTHARKQWQQRGRQHS,0
DPOG1_HUMAN_1039,QRETARKSQWKKWEVVAERAW,0
F8VQD7_MOUSE_344,LDNPLGTEASKVCSSPPIHMK,0
ZN639_HUMAN_343,HSHVVNEHACKLIELSDKYNN,0
AGRL2_MOUSE_1125,LQKKVRKEYGKCFRHWYCCGG,0
B0EXJ7_HUMAN_249,HRRTQDHKIAKQSLRPFCTVC,0
UEVLD_MOUSE_90,HPFAPPICFLKPTANMEISVG,0
A4D1V5_HUMAN_209,GMFFNPDPYLKISIQPGKHSI,0
DJC21_HUMAN_162,YAYWQSFCTQKNFAWKEEYDT,0
XPP3_HUMAN_416,KENNAFKAARKYCPHHVGHYL,0
B2R681_HUMAN_119,HSPESEDKYRKINEDIDLMIS,0
Q2VIK8_HUMAN_89,DVFVHHTAXKKNNPRKYLRSV,0
Q9NXC8_HUMAN_428,NQIMPGFLNMKIKFVCAQCLR,0
B4DT39_HUMAN_190,DQSTIPRNLLKTDAILWQWAI,0
AP3D1_MOUSE_726,PGMPMSDQYVKLEEQRRHRQR,0
Q2HXV5_HUMAN_271,VIKICEHEVIKLVGRTEFFMA,0
B7ZKR8_HUMAN_809,IWPSEWQMIQKLFVVDHVIKI,0
H90B3_HUMAN_558,THSNHIYHMIKLGLGTDEDEV,0
A2AS98_MOUSE_137,FDITVNFDLTKNYLDLTVTYT,0
Q3UHE0_MOUSE_1726,LCQERFRKIQKLWQQHSITEE,0
A0A024R158_HUMAN_933,EAEDGAAKVSKMLKDYDWINA,0
B4DGQ2_HUMAN_733,KFSEWWHEAQKNPKIRPNPHD,0
2A5D_HUMAN_71,NSTPPPTQLSKIKYSGGPQIV,0
PKHA7_MOUSE_421,RTAPPRANPEKHSQRKTGLAQ,0
E9Q5W5_MOUSE_2668,PGMEVQVRESKHPYNNNTSFE,0
B3KTF7_HUMAN_64,SNGSRETISMKTCCQHGDRGY,0
B2RRF1_MOUSE_393,NRRHRAVTVNKATMKTSTVTT,0
A8K2W7_HUMAN_403,FDAQIVIIEHKSIICPGYNAV,0
ANO1_HUMAN_263,ILKRTTCTKAKYSMGITSLLA,0
B4DV83_HUMAN_139,INDMWDQDYDKKVTRTANRPI,0
B3KVG9_HUMAN_300,LNRQRSEDVHKHAEFESQCAQ,0
DOCK1_MOUSE_994,DWVIMNTMQNKVFLRAINQYA,0
APOB_MOUSE_1485,KKQHLYVKDIKVDGQFRASSF,0
B7Z5S1_HUMAN_948,EYMAICALCAKDPVKERRAHA,0
AMPD1_MOUSE_268,AHRRLKFLSSKFQVHQMLNEM,0
VP13A_MOUSE_1683,TSNIAHLWDKKDTKNLKMWFL,0
Q1W5W7_MOUSE_326,SAEPDKRYQWKILPQGMSNSP,0
TM245_HUMAN_448,DSKLWHWLNKKMIIWLEKMLD,0
RSP5_YEAST_462,PGQCHIKVRRKNIFEDAYQEI,0
G5E8R4_MOUSE_381,SIGVILDMFFKYTWNNFLHTQ,0
A2AJP1_MOUSE_199,RNRCQYCRYQKCLAMGMKREA,0
B3KU09_HUMAN_1292,LMNNKDCFFCKTTIVSVEDWE,0
B4E2K3_HUMAN_231,RQYKRTYYMTKMGVDVVSEYV,0
B7ZWA9_MOUSE_348,DDKGVMDYYLKYFSGAHEGDV,0
A0A024RB32_HUMAN_25,VFIEFCVEDSKDVNVNFEKSK,0
FA98B_HUMAN_263,YQPKRYALSPKTTITMAHLLA,0
TAF1L_HUMAN_1391,VHCDYLNIPHKSIHRRRTDPM,0
A0A024RAH8_HUMAN_411,EQGYVVCPSEKRFLLLFTFLK,0
GCSP_MOUSE_220,EAMQLCHRHNKRKKFFVDPRC,0
BIRC6_HUMAN_1959,SANNAQYFLRKPDKAVEEDSR,0
TGFB1_HUMAN_375,PIVYYVGRKPKVEQLSNMIVR,0
DCBD1_HUMAN_356,MNFKNNNSKWKTYKGIVNNEE,0
A0A024R9G7_HUMAN_317,APLEKPRHQRKPNIFYSGPAS,0
E9QKG8_MOUSE_153,QDEEYFKNAEKRGGKDTVMTW,0
B4DGC1_HUMAN_134,CWFRHRRNQDKPPTLTKFCES,0
C9JIZ6_HUMAN_265,MMMHMSLQQPKEICALVGFCD,0
A8K9V7_HUMAN_840,EGEGDKNISRKPGNVLKTIDP,0
B4DZ35_HUMAN_467,TIGRSHFKISKRNDDWLGCWG,0
ATM_HUMAN_2804,NDFSAFQCQKKMMEVQKKSFE,0
LYRIC_MOUSE_331,QDTGDTNANGKDWGRNWSDRS,0
A2AG30_MOUSE_225,EIYHGSTKRMKITRRRLNPDG,0
B2R602_HUMAN_343,LTLYNLTQDMKYLYRACKFAE,0
C43BP_MOUSE_268,TLSHCIELMVKREESWQKRHD,0
B4DMA3_HUMAN_399,TKSAIIQNVEKQEGGWWRGDY,0
ANK3_HUMAN_3607,EPNPFPFHEGKMFEMTRSGAI,0
SUH_MOUSE_108,CVYLMGSGWKKKKEQMERDGC,0
B7Z8U3_HUMAN_290,YVSYAWVGDSKVSCSDNLNQA,0
FZD6_HUMAN_498,ISAVFWVGSKKTCTEWAGFFK,0
A2AS98_MOUSE_42,YNIKKQGQVWKACGDPKAKPS,0
B7Z5L6_HUMAN_35,KATANLCMFRKMLTPRIELSV,0
A8K4N2_HUMAN_745,VLDPTSGPKWKVACNKCNVVA,0
B4DM27_HUMAN_90,VLSGYFKQFQKSLPPRFQRQQ,0
ATAD5_HUMAN_394,EAGSSEAVKPKCTLEERQQFM,0
B0S8I6_HUMAN_176,WDGSGHRRTVKMRKGNTMQQF,0
B2RX00_MOUSE_815,QDSHSSIQTIKDDLCHFRTFV,0
B3KU66_HUMAN_16,NHFFLCRQKVKLFTAHNNMTN,0
CYTSB_HUMAN_301,NQMSSDIDEYKKNIHGNALRT,0
ZFY26_MOUSE_312,FSTPDPAHAWKMAFFYCLSNN,0
RYR1_MOUSE_2190,IQSIGNIMNNKVFYQHPNLMR,0
ACBD5_HUMAN_152,GPFYEIVEDKKSGRSSDITSV,0
Q0EFC6_HUMAN_473,ICEGAEKRGYKTAKAARNDVY,0
E9Q1W3_MOUSE_3549,PKMMWSLHIAKVQSDREYKKE,0
UBX1_YEAST_232,NTSQSQRRPEKVTREITFWKE,0
B4DST3_HUMAN_512,EEGQTQGTGGKKVIQTDEWRN,0
EFNB1_MOUSE_159,EGGVCRTRTMKIVMKVGQDPN,0
B3KNG8_HUMAN_190,GKGGIADSVAKWIFKQDFSPE,0
SYEP_MOUSE_1260,KMCEIVFEDPKTPGEKQFAYQ,0
F8WJ40_MOUSE_532,TVVPKSTTFLKNIRQFIMPVV,0
Q9Z1M2_MOUSE_356,RVGSIGFDYMKCCFTSHHSRC,0
E9Q411_MOUSE_283,WRVLSGSPYYKQVTNGGDRVT,0
B2R6W9_HUMAN_387,VTALSVYLTPKTSDSGNWIEI,0
B5A931_HUMAN_632,SKCTVGPAMNKHFNMSIIISN,0
B4E008_HUMAN_54,IWSYTQPRYEKELNHTQQLPA,0
SLA1_YEAST_387,GDKVYILDDKKSKDWWMCQLV,0
CS2IP_MOUSE_45,QNQSYSQSMCKEQSQNTVTVS,0
B3KR79_HUMAN_793,PSDAFMFSGLKQIRLPAQAFY,0
A2AQJ8_MOUSE_260,LDVYGYQVHDKMGIYGSVPYL,0
NMT1_HUMAN_417,IMNHPTHKSLKAAYSFYNVHT,0
B2R6N3_HUMAN_154,QKKNRCFMCRKKVGLAGFECR,0
ABR_MOUSE_537,EVDSFGYFVSKAKTRVFRDTT,0
NEUL4_MOUSE_1415,NPHLEAGTLTKKWHMAYHGSS,0
CHD9_HUMAN_1681,PAEWWDFDADKSLLIGVFKHG,0
JPH2_MOUSE_77,GKRHGLGIETKGRWLYKGEWT,0
B2RSU7_MOUSE_1324,SYKVRVHNVLKQQKNKSVSQV,0
B4DJL6_HUMAN_379,HGMLYSQADSKKKSNLMMSLF,0
GLBL2_MOUSE_336,INGAMHFNDYKADVTSYDYDA,0
B2R825_HUMAN_760,FFSPKQPDLFKDIISMLFYHD,0
B2R8U0_HUMAN_59,DQTPTPTRFLKNCEEVGLFNK,0
B4DX03_HUMAN_93,TVTKSHKRGMKGDTVNVQRSV,0
F8WJ40_MOUSE_1002,KPKFGGPNTKKQCCVYRKCDK,0
AT133_MOUSE_65,VKATCVRAAVKDCEVVLLRTT,0
A1ILG8_MOUSE_2851,NMEYLVGVSIKMSSFNLSRVV,0
A8K9A7_HUMAN_99,AQQKRKIFTNKCERAGCRQRE,0
AVR2A_HUMAN_56,GVEPCYGDKDKRRHCFATWKN,0
Q3TWW0_MOUSE_482,LHLALCWIIQKYNIVATDSEP,0
A2ARD6_MOUSE_107,KMGAYGHDVGKRPWIVGDESI,0
C19L1_MOUSE_504,ASEAILNIPEKADWRQCQTSK,0
B4DZ41_HUMAN_103,PQRFIRMQSRKCLKRDCDQQA,0
A7UKX9_HUMAN_134,DPEISLADYWKCTACNEMNPP,0
B4DYE2_HUMAN_703,FQKQSSVLRRKTEEAAAANKR,0
B4DPK9_HUMAN_748,GKGCDPDAHPKSTGVFQDEEL,0
A8K360_HUMAN_62,LDTAQQDLYRKVMLENYRNLV,0
NMDE1_MOUSE_707,NYPYMHQYMTKFNQRGVEDAL,0
A8K2G0_HUMAN_150,DIPVEFQKTVKLLYYLWMFHA,0
CASP3_HUMAN_259,SFSFDATFHAKKQIPCIVSML,0
AIMP1_HUMAN_298,YKGVPFEVKGKGVCRAQTMSN,0
DI3L2_MOUSE_745,DHCNDRRMASKRVQELSIGLF,0
FMNL2_MOUSE_218,TLKNSRLVSKKDDVHVCIMCL,0
B1ALH6_HUMAN_151,NKPPDSGNCKKTSRHPLHQDL,0
RPB1_YEAST_100,VFHVGFIAKIKKVCECVCMHC,0
O00334_HUMAN_666,FLLERALANRKIGHFLFWHLR,0
ELYS_MOUSE_250,SDGYLALWNMKSMKREYYTQL,0
A1L3B5_HUMAN_416,CTPVYVQYFVKFFIIGVTVLV,0
B5BU99_HUMAN_474,SGHFCGVAEMKSAVDYNTCAG,0
A0A024R611_HUMAN_45,WDSGFCAVNPKFVALICEASG,0
A2012_HUMAN_11,MKEMYENAEDKVNNSTGKWSC,0
KCNH1_MOUSE_217,PHIILHYCVFKTTWDWIILIL,0
DLG5_HUMAN_1696,RSFFRRKHKHKRSGSKDGKDL,0
A6NMF3_HUMAN_51,KKWCRTDFNSKLPIKVKIIPT,0
A6H8K3_HUMAN_576,DYRKNQEHIAKQFGMMQSQIG,0
F8VQL0_MOUSE_911,KLNSELNIEWKQAVSSTVLGK,0
LMBD1_MOUSE_79,SYMKNQNGTFKDWADANVTVQ,0
RDH10_HUMAN_329,KCMYPFIAQRKQATNNNEAKN,0
DRG1_HUMAN_20,EIEAEMARTQKNKATAHHLGL,0
B7ZL13_HUMAN_157,EADRAQQYFEKMDADINVTKA,0
RFIP4_MOUSE_259,VSSSAGQTPRKMRHAYNSELL,0
TITIN_MOUSE_17351,TAVERRYGIWKLIPNGQYEFR,0
NDUB6_HUMAN_87,VPVWIIHYYMKYHVSEKPYGI,0
CTRO_HUMAN_255,KMNSNKMVNAKLPIGTPDYMA,0
A2AI21_MOUSE_896,RKSGRAEPDPKKKATFRAITS,0
BCD1_HUMAN_340,RKENSTFFDKKKQQFCWHVKL,0
MSI1H_HUMAN_165,VTFESEDIVEKVCEIHFHEIN,0
APOL2_HUMAN_73,MVMKDKNRHDKDQQHRQWFLK,0
B2RX66_MOUSE_820,ELLNAYQSKIKMQAEAQHDRE,0
A0A090N8H1_HUMAN_142,VLHLRAHSAAKRPIACPKCER,0
Q3UGC8_MOUSE_447,ISIYYDPMISKLVTYGSDRAE,0
B4DKZ6_HUMAN_773,KGSKQQHKVYKYITSCEMVMA,0
A6NMU3_HUMAN_138,VLDDSDPNWWKGETHQGIGLF,0
WDR7_MOUSE_1111,GCLSSVPQMKKISTSYEERRK,0
AKA11_HUMAN_1424,NKEHHQEADKKRQSKRNEGYF,0
B3KQY7_HUMAN_389,SYDPQQIFKCKGTFVGHQGPV,0
A2RUF7_HUMAN_1228,LGHAQMFGNIKRDRAPFVFTS,0
NOTC1_MOUSE_631,RDNSYLCLCLKGTTGPNCEIN,0
Q6ZQZ4_HUMAN_226,PNGDMGSMVCKTTGTFIGHHN,0
B7ZKR9_HUMAN_435,EGLFRKHMMGKRVDYAARSVI,0
EAR1_YEAST_389,EANVKKWGYAKSNGIKLPPPS,0
A8K2F6_HUMAN_179,NTPALLTPVLKTQEKMVSCWF,0
ATM_HUMAN_296,QIYIHHPKGAKTQEKGAYEST,0
A6H8W8_HUMAN_893,AKKDNHLNFSKHDIITVLEQQ,0
A0A140VJP5_HUMAN_53,DAHLQQDPDAKVACETVAKTG,0
A8K914_HUMAN_338,HGTQQQDLNKKERRVGTPQST,0
XPC_MOUSE_534,WLEVYCEPQAKWVCVDCVHGV,0
A8K128_HUMAN_112,QAMFDIEYFRKDPRPFFKFAK,0
B7ZKJ5_HUMAN_702,ISVHTKDYPHKCDMCDKGFHR,0
D3Z5I1_MOUSE_12,TDPEVFCFITKILCAHGGRMT,0
CO3_HUMAN_688,KRMDKVGKYPKELRKCCEDGM,0
ASH1L_HUMAN_1049,VSKKGTIYIGKRRGRKPKTVL,0
C7TQ62_MOUSE_986,KMTAYGAFLHKGSFCRNYFNI,0
COG7_HUMAN_229,QLLAYYYKCHKVQLLAAWQEL,0
B2RWW2_MOUSE_1602,EWQEKHKELQKEYEVLLQSYE,1
B4DSC0_HUMAN_73,PTRSLSGLILKNNVKAHFQNF,1
AK1C2_HUMAN_179,NHRLLEMILNKPGLKYKPVCN,1
DCUP_MOUSE_297,APKKARERVGKAVTLQGNLDP,1
B1APP8_HUMAN_154,NVIFQPVAELKKQTDFEHRIP,1
GRAM4_MOUSE_487,YVSSAPAGLSKDEDAGRFHST,1
A8K4Y7_HUMAN_80,RLVREIAQDFKTDLRFQSAAI,1
A8K5I0_HUMAN_102,FQVINDGDKPKVQVSYKGETK,1
CDK3_HUMAN_37,VAMDMFQKVEKIGEGTYGVVY,1
B2RXC8_MOUSE_218,DLVTQILEKHKIDHFSSGTDI,1
Q50HX2_MOUSE_35,SCLLHQFTEKKFMADCPHTIG,1
HXT6_YEAST_560,YDAEEMAHDDKPLYKRMFSTK,1
A8K7M3_HUMAN_422,LLEEEIIAFSKKKATSEIFHS,1
A5D6P2_MOUSE_235,SHPMVDRWLEKQEQDEEGTEE,1
DCBD1_HUMAN_529,SYDNEKEMTQKLDLITSDMAG,1
A8K1Y9_HUMAN_292,DMLAEKVLAGKSKIEDYFPEY,1
C9K0Z8_MOUSE_510,REEIVNFNCRKLVASMPLFAN,1
UBFD1_MOUSE_153,ELVDLKIIWNKTKHDVKVPLD,1
A8K5B6_HUMAN_682,DEERRIYQSVKNEGRATIGRY,1
A6ZI44_MOUSE_284,HHVYLEGTLLKPNMVTPGHAC,1
CNDP2_MOUSE_450,ADDGAHSQNEKLNRLNYIEGT,1
CSK21_HUMAN_247,DNYDQLVRIAKVLGTEDLYDY,1
CH1B2_MOUSE_110,DATLRSMNLEKISALMDKFEH,1
A8MQ59_HUMAN_248,HRDQSFTYQYKIQDKSVFCQR,1
A6NEG8_HUMAN_59,PDVHIDTRLNKAVWAKGIRIV,1
AHP1_YEAST_48,EWSKLISENKKVIITGAPAAF,1
AT1A1_MOUSE_671,KACVVHGSDLKDMTSEELDDI,1
A8MVD1_HUMAN_179,VSDTAKDLVSKMLHVDPHQRL,1
CC138_HUMAN_230,FRHENALSKIKGVEEEVLTRF,1
Q3UWQ9_MOUSE_428,VAPDVFAENMKLREDTHHLAN,1
COPZ1_HUMAN_16,LYYDDTYPSVKEQKAFEKNIF,1
CP2AC_MOUSE_407,MTDPKFFSSPKDFNPQHFLDD,1
GASP1_MOUSE_1047,LFAEMFGGKPKLVEVGPEREP,1
E9Q3G8_MOUSE_385,SIATNRTVYFKPSLTPSGDLR,1
A8K413_HUMAN_280,VEDIEYLKFDKGPWLKQDNRT,1
AOXC_MOUSE_907,PNLRVRGRVCKTNLPSNTAFR,1
A2ARD6_MOUSE_39,RVALRLDEEDKLSHFRNCFYI,1
Q3TF87_MOUSE_26,EIVDAAEDYAKERYGISSMIQ,1
RRBP1_MOUSE_131,IATVPAMPQEKLASSPKDRKK,1
INSR_MOUSE_1037,VYEGNAKDIIKGEAETRVAVK,1
B2R7P6_HUMAN_86,APEGSLVFHEKAWNAYPYCRT,1
F8VQ87_MOUSE_652,NKNKITRVDQKALYFCGFPTL,1
D3Z4V2_MOUSE_122,YGTAPVNLNIKAGGRVYGNTG,1
VGFR2_MOUSE_824,RCERLPYDASKWEFPRDRLKL,1
G3X8X1_MOUSE_164,KGGWILRKAWKIYSKCYVDIN,1
R13P3_HUMAN_73,YQAVTATLEEKRKEKAKIHYW,1
Q3THQ5_MOUSE_252,DKAMKHYDRAKELDPTNMTYI,1
B4DKM6_HUMAN_322,VLRIQNILSEKPTVTTVYANN,1
H7C2S9_HUMAN_38,ITCIRGLEKAKVIQPGYGVQY,1
A8K721_HUMAN_110,VDDGKVLLGLKERSTSEPAVP,1
LIN7A_MOUSE_191,SVKLVVRYTPKVLEEMEARFE,1
UBC12_HUMAN_75,CPDEGFYKSGKFVFSFKVGQG,1
AL3B1_HUMAN_289,SPNLGRIINQKQFQRLRALLG,1
KIF2C_HUMAN_426,KAKLRVLEDGKQQVQVVGLQE,1
G8JL73_MOUSE_238,ARPEDTVGTLKSKYFPGQESQ,1
B2R491_HUMAN_134,CKVRKIFVGTKGIPHLVTHDA,1
B3KWX2_HUMAN_150,GVPVSSRVSAKIQQLVNTLKR,1
E0CZ72_MOUSE_507,NKPHTPFRASKLTQVLRDSFI,1
AT1A1_MOUSE_194,DVVVGDLVEVKGGDRIPADLR,1
B8ZZ54_HUMAN_11,MGGEIQPVSVKVGDKVLLPEY,1
B2RQQ1_MOUSE_599,YNIMGWLEKNKDPLNETVVGL,1
CP2AC_MOUSE_346,NRQPQYEDHMKMPYTQAVINE,1
Q3UGJ5_MOUSE_674,GAKDWIDILTKVSQCNQKRLT,1
NECT2_HUMAN_392,FILLRVRRRRKSPGGAGGGAS,1
AFF4_MOUSE_63,QSMLGNYDEMKDYIGDRSIPK,1
C9JYK1_HUMAN_83,TDPFVAFHINKGLVKKYMNSL,1
G5E924_MOUSE_54,NEGGRAPKRLKTENAGDQHGG,1
A1X4P7_HUMAN_533,AYTSKILPPEKEGGLPRHVGN,1
B4DJW8_HUMAN_671,YLGETIAQWRKAGYQDMPEYE,1
G5E8T9_MOUSE_230,CGHEYTVNNLKFARHVEPGNA,1
SOX8_HUMAN_170,VQHKKDHPDYKYQPRRRKSAK,1
AT1A1_MOUSE_177,QQALVIRNGEKMSINAEDVVV,1
A2ARD6_MOUSE_320,DLSTRFNMDNKLQLIPGANGF,1
TBC15_HUMAN_240,WAIHHWKKIKKDPYTATMIGF,1
ARC_MOUSE_24,YPAPRGGPAAKPNVILQIGKC,1
B2R5T2_HUMAN_394,PAMEDKGLFIKPTVFSEVTDN,1
A4FUA0_HUMAN_573,HKPCVSIWLQKSGTCPVCRCM,1
D4AFX7_MOUSE_974,SNVIEASPDMKRESEKEWYFG,1
B4DS95_HUMAN_77,FETLERSYLLKINGKVAERPQ,1
ELP3_MOUSE_48,LNKMKTKTAAKYGLASQPRLV,1
Q6N091_HUMAN_453,SILRVAAEDWKKGETFSCMVD,1
B2MWM9_MOUSE_55,DFGKFVLSSGKFYGDLEKDKG,1
RN213_MOUSE_2489,HIIAACNPYRKHSQEMILRLE,1
MAGB1_HUMAN_284,PRAYAETTKMKVLEFLAKMNG,1
ZN598_MOUSE_335,QQNRRGSWRYKREEEDREVAA,1
A1L2Z2_HUMAN_755,YEILTPNAIPKGFMDGKQACE,1
ZNFX1_MOUSE_983,VVGMTTTGAAKYRQILQQVEP,1
D6RFH4_HUMAN_88,GHSSDAREMLKQYYIGDIHPL,1
A2AB30_HUMAN_32,TLHGLQQYYVKLKDNEKNRKL,1
Q3UAI4_MOUSE_181,MEQERQQEIAKMGTAVPRPPQ,1
A2ARP8_MOUSE_550,GAVPANLKPSKIKHRADSKES,1
B2R6J2_HUMAN_237,IYEKDDKLTPKIGFPWSEIRN,1
ACOD1_MOUSE_64,TYQDEEGPPPKLEYVWRNIIL,1
B4DFK0_HUMAN_275,INSKRMMNAIKESYDYNPNKT,1
A0PJB2_HUMAN_240,RFEERNVGQIKTVYPASYRFR,1
B2RQQ1_MOUSE_659,VSALHRENLNKLMTNLKTTHP,1
E9PCY5_HUMAN_139,SNIISIWNNGKGIPVVEHKVE,1
C9J6Q7_HUMAN_27,TYPMQCSALRKNGFVVLKGRP,1
A4D1M6_HUMAN_176,QADGLVWGSSKLVPVGYGIKK,1
Q3V100_MOUSE_69,AKILDNRISQKTLGQWIAENP,1
B4E162_HUMAN_199,MDEKKFDEALKLRGRSFMNNW,1
OGT1_MOUSE_488,DWTDYDERMKKLVSIVAEQLE,1
A2AUK5_MOUSE_149,GLTYCDADSQKNWLDPSKEIK,1
ZN418_HUMAN_127,HLADHQGTHHKQKLHRCEAWG,1
CE192_HUMAN_59,CHESIEKNKDKTDLPQSVVYQ,1
Q3V289_MOUSE_32,CHFCKGEVNPKLPEYICPRCD,1
A2A2R6_HUMAN_42,LLLLGAGESGKSTIVKQMRIL,1
B1AMX9_HUMAN_234,GADVKRLDQDKIEALSSKVQQ,1
A1X4P7_HUMAN_1098,FRSSLYEGLEKPESRSSIHNF,1
D3Z6D5_MOUSE_359,ILHAMKEDSEKVPSLLTDYIL,1
CNNM2_MOUSE_542,DAMLEEFKKGKSHLAIVQRVN,1
A1L195_HUMAN_58,NVYYNEATGNKYVPRAILVDL,1
Q543I9_MOUSE_154,LTEEVIGSEVKRWATFAVGPG,1
T106B_MOUSE_14,SLSHLPLHSNKEDGYDGVTST,1
CPNE5_MOUSE_102,LRFDLYDVDSKSPDLSKHDFL,1
FLNB_MOUSE_697,GEGQPIDIQMKSRMDGTYACS,1
Q2TU89_HUMAN_575,ILMTSFLQYIKSEVNPPSDET,1
SC5D_MOUSE_70,HSLMKHPQFLKNQVSREIVFT,1
F5GZ59_HUMAN_100,VDKANLEIMTKRSKPSPRDYR,1
B7ZWC0_MOUSE_14,ELHDVDLAEVKPLVEKGESIT,1
TPC13_MOUSE_264,CLKPKKEFAEKAGIIKGVTVI,1
B2R6J2_HUMAN_162,LIPQRVMDQHKLTRDQWEDRI,1
B1APF6_HUMAN_31,SFVKEFLAKAKEDFLKKWENP,1
A0PJG1_HUMAN_19,QGADPQREKLKQELFAFNKTV,1
A8K3C3_HUMAN_126,LLDSCTRLLQKGIHPTIISES,1
A3KGU7_MOUSE_1288,FERDLAALGDKVNSLGETAQR,1
NARFL_HUMAN_224,SPQQVMGSLVKDFFAQQQHLT,1
VATA_MOUSE_139,RDIKWEFIPSKNLRVGSHITG,1
CRY2_MOUSE_503,ETSRLNIERMKQIYQQLSRYR,1
HCN1_MOUSE_419,FHKLPADMRQKIHDYYEHRYQ,1
B9EIE9_MOUSE_419,NTDISNARTFKELPVNAQNYV,1
B2R8R5_HUMAN_366,DNNTALLLSKKLIYFQLHRAL,1
A8JZY9_HUMAN_336,KDVNAAIATIKTKRSIQFVDW,1
A8K8T4_HUMAN_166,SEGKIGNQVEKSINNASSVST,1
A0A024RB31_HUMAN_107,GQNPTNAEVLKVLGNPKSDEL,1
E9PCY5_HUMAN_641,GLGTSTAKEAKEYFADMERHR,1
A0A0S2Z3H3_HUMAN_96,ALNFAFKDKYKQLFLGGVDRH,1
A8K3K1_HUMAN_86,GIITNWDDMEKIWHHTFYNEL,1
B2BH30_MOUSE_827,FVPKVYIILAKPERNVRSAFT,1
B3KP68_HUMAN_473,DWLELNETGHKLLFRDRKLRV,1
PCKGM_HUMAN_261,SGYGGNSLLGKKCFALRIASR,1
B2RWT9_MOUSE_1839,ATVALVPCLTKHILRENQDYV,1
B3KWE3_HUMAN_65,DSGTMNIFDRKINFDALLKFS,1
A4UJ43_HUMAN_54,DYDRSQWLDVKFKLDLDFPNL,1
AATC_HUMAN_99,LGDDSPALKEKRVGGVQSLGG,1
A8MSQ1_HUMAN_307,KSNEDSLILEKSQNWSSQKMD,1
E0CZ22_MOUSE_1396,LANMASGSPDKVRAHGPQLLT,1
A6ZI46_MOUSE_367,YGRALQASALKAWGGKEENLK,1
E5RGD0_HUMAN_79,GLMNFADEFAKLQDYRQAEVL,1
Q3UK27_MOUSE_312,PTFWILARALKEFVAKEGQGN,1
B4DY21_HUMAN_344,FSRKPGRMSSKPINFSVILKL,1
B8XPJ7_HUMAN_178,ASQDIIPQLKKKYDVDTLDMV,1
FAS_MOUSE_776,LLQAVLKRGVKSSCTIIPLMK,1
RL2A_YEAST_93,HTGQFIYAGKKASLNVGNVLP,1
B9EKC2_MOUSE_1278,LFYKMVQQLGKGEAAALTETA,1
Q8IWY7_HUMAN_369,DKVRFLEQQNKMLETKWSLVQ,1
LIN7A_MOUSE_126,EGLGFNVMGGKEQNSPIYISR,1
B2R7P6_HUMAN_201,CAYKLVTIKFKWWGLQSKVEN,1
2AAA_HUMAN_546,VRFNVAKSLQKIGPILDNSTL,1
Q69ZN0_MOUSE_292,EAVKSLYPSYKNYTDVYDKNN,1
B0QZ65_HUMAN_24,KQERLYVNSEKQLIQRLNADV,1
B5MDL9_HUMAN_247,EKYIDQEELNKTKPIWTRNTE,1
AFF4_MOUSE_247,LMSKSSSMLQKPTAYVRPMDG,1
GYS2_MOUSE_273,AIEAEHMLKRKPDVVTPNGLN,1
B1AWD9_MOUSE_223,RVARLCDFNPKSSKQAKDVSR,1
A2AQH3_MOUSE_428,PGEQLLNVGTKSTRFFCRETD,1
A3KGU7_MOUSE_2052,TALKDQLLAAKHIQSKAIEAR,1
A1ILG8_MOUSE_577,PGAQALKIEAKLEHWYVTGLR,1
ARHG2_MOUSE_354,SRHTKALKLYKELYARDKRFQ,1
A3KGU7_MOUSE_1187,GAMPRDEADSKTASPWKSARL,1
Q1W5W7_MOUSE_236,QIKEIAESVRKYGTNANFTLA,1
AT12A_HUMAN_627,AVTKCRSAGIKVIMVTGDHPI,1
B1AWN6_MOUSE_1891,EERFMASNPSKVSYEPITTTL,1
ARC1A_MOUSE_290,LTFVSKLDVPKQSIQRNMSAM,1
A2RRJ4_MOUSE_41,LEALKFCEEFKEKCPICIPCG,1
AMPD1_MOUSE_11,MPLFKLTGQGKQIDDAMRSFA,1
A2AFQ0_MOUSE_2672,ESMHDCVSVVKVPIVNHLEFL,1
AAKG2_HUMAN_475,ESGKVVDIYSKFDVINLAAEK,1
PAL1_YEAST_138,NKNHPTAKEEKEQLRQRYLEE,1
B3KT93_HUMAN_80,DTMNFDVIKGKPVRIMWSQRD,1
A8K0D3_HUMAN_54,VVDIIRVNVDKVLERDQKLSE,1
ADT3_HUMAN_63,GIVDCIVRIPKEQGVLSFWRG,1
DNA2_HUMAN_389,KIMPLELKTGKESNSIEHRSQ,1
SEC62_MOUSE_66,LLDSKWAKAKKGEDALFTTRE,1
CP2E1_MOUSE_251,EIRQYTLGKAKEHLKSLDINC,1
A2RTA0_MOUSE_242,EDHLRVISMEKGGNMKEVFRR,1
A0A024R7W9_HUMAN_47,QEILAAKPWTKDHHYFKYCKI,1
1433S_HUMAN_77,QKSNEEGSEEKGPEVREYRVF,1
3BHS5_MOUSE_164,PYPYSKRMAEKAVLATNGRLL,1
ACOC_HUMAN_106,DFAAMRDAVKKLGGDPEKINP,1
A2AIM4_MOUSE_205,EELRTMDQALKSLIASEEEYS,1
ECH1_MOUSE_275,SKSPVAVQGSKINLIYSRDHS,1
A8K1J3_HUMAN_47,GRDAFPVAGQKLIYAGKILSD,1
GFPT1_HUMAN_345,MKGNFSSFMQKEIFEQPESVV,1
RL20A_YEAST_149,YVKQFLTKDLKFPLPHRVQKS,1
G3X972_MOUSE_867,AYRAVLNSPVKTVRDTLITQC,1
A1X4P7_HUMAN_757,KGEIEQERIDKIWPKLRVLAR,1
THOP1_MOUSE_92,LDFPQHVSPCKDIRAASTEAD,1
A2A8T1_MOUSE_204,DTVMKCAFSHKGSVQVDGNYK,1
Q3TD14_MOUSE_623,PKHSWGTLCRKLVFGELIYPW,1
ANXA3_MOUSE_210,VLCLRSFPQLKLTFDEYRNIS,1
B2RWW2_MOUSE_2225,RLKEENCIALKDQLRQMAIHM,1
F8VQL9_MOUSE_387,DGLSEQENLEKQMRQLAVIPP,1
NISCH_MOUSE_1405,NYELIHSSRVKFTYPSEEEVG,1
GTR3_MOUSE_253,KDESVRMSQEKQVTVLELFRS,1
ABCD3_HUMAN_576,DWMDVLSGGEKQRMAMARLFY,1
B4E112_HUMAN_45,AVLFCLSEDKKNIILEEGKEI,1
B2R5U1_HUMAN_515,ADISGDTQKAKQFLPFLQRAG,1
B9EIV8_MOUSE_1046,LVLLNMPGPPKSRQGDENYME,1
F8VPN4_MOUSE_889,LAVDNADPILKIPFASIASKL,1
B3KMB3_HUMAN_117,KDFQYIDRDGKDQGINVREKS,1
B3KTW0_HUMAN_464,KYIEDKDVFQKFYAKMLAKRL,1
E9Q5A0_MOUSE_334,VLDGIPPPYDKKKRMVVPAAL,1
Q9NSX6_HUMAN_87,PRIALTQSFSKLFKDLGLPAR,1
Q80U89_MOUSE_1264,ARKANSTRTWKEVCFACVDGK,1
A2A8T1_MOUSE_270,DHTDGVIKMRKDQLQDEGELE,1
BCAS4_HUMAN_164,GSAGLPSFRNKSPAPVPVTYE,1
A8MUT7_HUMAN_47,GRSIIIRSTTKVGNIEIKDLM,1
ROA2_HUMAN_101,GKPGAHVTVKKLFVGGIKEDT,1
A6NNN6_HUMAN_658,AESGNISQKSKEEDFVKVEDL,1
B3CJA8_HUMAN_157,EKVASFHTARKDSGSPNPARG,1
Q564E2_MOUSE_261,ADKEQWKEVHKQVVDSAYEVI,1
UGDH_MOUSE_329,IDSLFNTVTDKKIAILGFAFK,1
B4DKT5_HUMAN_444,IITGPPEAQFKAQGRIFGKLK,1
A4UCT9_HUMAN_245,VSPYTEIHLKKYQIFSGTSKR,1
B1AHE4_HUMAN_138,RLIGNLCYKNKDNQDKVNELD,1
TI17A_HUMAN_86,IDCSMVQVRGKEDPWNSITSG,1
FUS_MOUSE_327,LYTDRETGKLKGEATVSFDDP,1
FZR1_HUMAN_480,WNVFSKTRSTKESVSVLNLFT,1
A1ILG8_MOUSE_2150,QMMEASVRDLKVLACPFLRER,1
SPIN4_HUMAN_50,IVGCRIQHGWKEGNEPVEQWK,1
D3YW52_MOUSE_1258,TASKIVKWISKQQNSHGGFSS,1
B2R960_HUMAN_279,PVQATNMNDFKRHLSALTLPM,1
A8K072_HUMAN_244,REDIIFGDPKKLLTQYFVQEN,1
A1X4P7_HUMAN_256,ESDHVKKSLDKDPLLLSGTHV,1
Q5H8W9_HUMAN_17,KVVGDGGSISKGKICSLKARA,1
F8VQ23_MOUSE_350,ATLRGQVLLSKNVGVASGQWW,1
RS4X_MOUSE_71,VKKICMQRFIKIDGKVRTDIT,1
Q4FK49_MOUSE_25,LEYRVFLKNEKGQYISPFHDV,1
SC23A_MOUSE_392,FKQTFQRVFTKDIHGQFKMGF,1
ABCB6_MOUSE_771,NERAIQASLAKVCTNRTTIVI,1
B2R6X2_HUMAN_641,NETRYPHSVAKSQCLENSPFT,1
HPPD_MOUSE_237,IVVTNYEESIKMPINEPAPGR,1
IREB2_MOUSE_714,PDSVLFPWDVKSTYIRCPSFF,1
A5D8W6_HUMAN_212,RQKQLFYLPAKKNVDSILEDY,1
B3KS31_HUMAN_264,VDEQMLAIQSKNSSYFVEWIP,1
A2RQR6_HUMAN_146,VQDEKRKSKQKLGAFLWMQRN,1
2ABA_HUMAN_129,IKLWKISERDKRPEGYNLKEE,1
IF2A_MOUSE_259,SVLNQAMAVIKEKIEEKRGVF,1
B2RT89_MOUSE_535,DSIHDVGNDWKDSRQAKEEDS,1
A0JLT6_HUMAN_129,TVCQACKKLLKGLFRQGLQCK,1
EIF3L_MOUSE_207,FSQYRCKTAKKSEGEMDFLRS,1
B3KY18_HUMAN_423,LPQLFVNYKLKSVAHLPWKAF,1
A2CG35_MOUSE_219,DREISRQQGEKFAQQITGMRF,1
Q3UIK0_MOUSE_719,AGADEEWVFDKKLLCETEGRV,1
ATX10_MOUSE_438,DNSQNQDVIAKMEEQGLADAS,1
Q3UWB9_MOUSE_452,EEVIENPFYKKNAMWLSTIHH,1
CPNE7_MOUSE_418,GPTNVAPIISKVARMAAAEES,1
PAHX_MOUSE_224,KGTLKPHDYPKWEGGVNKMYH,1
A8K787_HUMAN_245,RRRMMMQSGRKGADIMYTGTV,1
A8K413_HUMAN_48,YGMWHFLLGNKASKRLTERSR,1
DMA1_YEAST_237,KVDDQGNWFLKDVKSSSGTFL,1
C7TQ62_MOUSE_1592,RIWAEYDPEAKGRIKHLDVVT,1
B4DTD5_HUMAN_408,MGTHTVSVKYKGQHVPGSPFQ,1
ZN451_HUMAN_356,GPIVEALEHSKRGNTTSPLDS,1
B9ZVX0_HUMAN_35,ELPSAGGDGGKSKKFLERFTS,1
A2A6I3_MOUSE_215,FEFGEKLKRQKYDIMTVRARV,1
F8WGL3_MOUSE_73,TVDDPYTTFVKMLPDKDCRYA,1
D3Z3B8_MOUSE_668,NDDLISEFPDKFGSCVPHTTR,1
Q540D7_MOUSE_141,GTVRYDSTHYKETWKALEVLV,1
Q96QS7_HUMAN_205,KSFNVDLLAGKSKHIALHLNP,1
CGL_MOUSE_151,LLEAAITPQTKLVWIETPTNP,1
A0A140VJJ2_HUMAN_200,GYLGTDQSKWKAYDATHLVKS,1
H9B8I7_HUMAN_43,LRYDRQKRRAKPQGQWAENVL,1
B3KY86_HUMAN_219,EDQHKLYQQIKAGAYDFPSPE,1
Q9NSJ7_HUMAN_505,DDAIITKASIKDVLDSEGYLL,1
A2ADL9_MOUSE_1178,TPRVIPTVNNKGKTPAPNQDQ,1
A4D210_HUMAN_189,TNDFYPEEDGKTKGYIFLEYA,1
A1L3P4_MOUSE_561,GVPDNERRTTKAESAWLFRMW,1
C9JBL6_HUMAN_152,NFLPMQINTNKSKDASTNPPN,1
A8K5I0_HUMAN_348,GGSTRIPKVQKLLQDFFNGRD,1
B4DJK0_HUMAN_125,LSSRVSWQDLKDFMRQAGEVT,1
B9EHY2_MOUSE_66,EQIMDSDTFEKSRLYQLDKST,1
PIWL4_HUMAN_679,FMTGALNKWYKYNHDLPARII,1
NHRF2_MOUSE_237,VVDPETDEHFKRLRVVPTEEH,1
CP3AP_MOUSE_424,FCPERFSKENKGNIDPYIYMP,1
I23O2_MOUSE_390,TGGTAMLSFLKSVREKTMEAL,1
A2AVR9_MOUSE_60,YANLMHNFILKARSTVREIDP,1
E9Q392_MOUSE_318,EKTRMRLEASKLNENVMVFTK,1
B3KNG5_HUMAN_376,FPTMPRHNLHKIAPLVKSLCA,1
A8K4H5_HUMAN_599,FLEAKEEFAHKTLAMDVMKPR,1
UBCP1_MOUSE_195,TNMKWIEAKMKELGVSTNANY,1
B4DXN8_HUMAN_48,HLRDPFVKAAKVESYRCRSAF,1
ACSL4_HUMAN_690,PETGLVTDAFKLKRKELRNHY,1
A3KGQ6_MOUSE_110,LDRNGIDLLMKYIYKGFEKPT,1
B4DIJ6_HUMAN_115,LSIKKDEEVLKKNCPHIVVGT,1
A8MX96_HUMAN_30,KTWRPRYFLLKSDGSFIGYKE,1
COPA_HUMAN_526,PLTAIVICNRKLDALCNIHEN,1
B1ALA9_HUMAN_94,RLNVDFALIHKERKKANEVDR,1
A8CGI2_HUMAN_11,MQIFVKTLTGKTITLEVEPSD,1
A8MVD1_HUMAN_58,ELMKGGELLDKILRQKFFSER,1
EZRI_MOUSE_546,NELSQARDENKRTHNDIIHNE,1
RL28_MOUSE_72,VVMKRRSGQRKPATSYVRTTI,1
Q5SVJ0_MOUSE_22,DEYQLYEDIGKGAFSVVRRCV,1
A6NNF5_HUMAN_372,QVYEGERAMTKDNNLLGRFDL,1
B9EGA3_HUMAN_364,HVISVDPNDQKKTACYDIDVE,1
B2RQQ1_MOUSE_1900,QANTNLSKFRKVQHELDEAEE,1
SYWC_MOUSE_106,TSSAKGIDYDKLIVQFGSSKI,1
F6RT34_MOUSE_29,ASQKRPSQRSKYLATASTMDH,1
GSTM5_MOUSE_72,NLPYLMDGKNKITQSNAILRY,1
A8K968_HUMAN_336,RLRINRFAWPKVLKISYKRNN,1
Q8C3V4_MOUSE_544,DGLIPWTRFCKENINDKNFSF,1
A6H6M8_MOUSE_15,SVDQSKLPGVKEVCRDFAVLE,1
B1AH99_HUMAN_29,NPLAQADWAAKKLVWVPSDKS,1
ACSL4_MOUSE_621,YVISFVVPNQKKLTLLAQQKG,1
CDHR2_MOUSE_1195,RAMKAGKEARKTPIETTAPTA,1
Q6A0F1_MOUSE_466,PRALAENSGVKANEVISKLYS,1
FRIL_HUMAN_84,GGRALFQDIKKPAEDEWGKTP,1
AFF4_MOUSE_578,SAAEEPRGGLKIESETPVDMA,1
A2AN37_MOUSE_105,PDAFDNDLMHKTLKNIVEGKT,1
B1AT82_MOUSE_346,VTNTVPHELQKLQCPKIKTVD,1
A3KGU7_MOUSE_1057,GQIDNQTRITKEAGSVSLRMK,1
B3KU60_HUMAN_48,FYQQWQLKYPKLILREASSVS,1
A6NDE7_HUMAN_103,EYHWADGTNIKKPIKCSAPKY,1
Q52KC3_MOUSE_350,SPSIFGGMDMKKAIACLLFGG,1
WASF4_HUMAN_344,IKMGQEFVESKEKLGPFGYPP,1
B4DY72_HUMAN_207,LQCAILSPAFKVREFSVTDAV,1
Q80TU3_MOUSE_942,IHEVQEEMKNKEQWDQLPRDQ,1
A4UCU1_HUMAN_437,AKVMGFLADKKPEQGQRVSGI,1
A1L2Z2_HUMAN_859,WQWWRLFTKVKPLLQVTRQDE,1
Q8N836_HUMAN_158,WNVNYVETSAKTRANVDKFRF,1
PKP4_MOUSE_680,WNNSSFDDDHKIKFQTSLVLR,1
MYO1C_MOUSE_595,CFDKSELSDKKRPETVATQFK,1
ACTN2_MOUSE_102,MRFHKIANVNKALDYIASKGV,1
A8K781_HUMAN_211,AIVLPMNHKEKFENLGIQPPK,1
A0A024R821_HUMAN_288,EWDIPEKQPFKDLGNLRYWLE,1
ATAD1_HUMAN_270,PALKQREAILKLILKNENLRK,1
MYH4_MOUSE_1878,LQDLVDKLQTKVKAYKRQAEE,1
A2APL8_MOUSE_379,RCLEDNLGIDKRVTRFVLPVG,1
IFI5B_MOUSE_210,SSNILSAKNQKSQPQNQNIPR,1
AN18B_HUMAN_275,RNDNQEAAAMKNESFKTQGAS,1
E3VX19_MOUSE_662,VRNRQKSRSWKYNQSISLRRP,1
F8VPZ1_MOUSE_46,ILPCQHNLCRKCANDIFQAAN,1
A6H663_MOUSE_255,EYQPQQPVYHKIQGDDWEPRP,1
A2ARP8_MOUSE_445,RLDMYVLNPVKDSKEMQFLMQ,1
ACD_HUMAN_233,GCNQDLDVQKKLYDCLEEHLS,1
A4PBT3_MOUSE_126,HIRTCEKYIDKYGPLLELGDT,1
PMF1_HUMAN_98,QGRKEEISDIKEEGNLEAVLN,1
ETV4_HUMAN_96,LAFHSPTTRIKKEPQSPRTDP,1
Q3UNK1_MOUSE_426,EDDSAPLSPLKFMAQRQQREK,1
A1ILG8_MOUSE_2422,SLKDRAPFTVKNALGVPMKVQ,1
A8K5I0_HUMAN_56,DTERLIGDAAKNQVALNPQNT,1
Q571M2_MOUSE_393,IDVSGTMNRGKFLEMCDDLLA,1
UBP54_HUMAN_1521,CDRGETSQGAKYTGRTLNYQS,1
D3Z041_MOUSE_552,IGKWLPNGTLKIIDRKKHIFK,1
A6NH77_HUMAN_59,KIAGYVTHLMKRIQRGPGRGI,1
Q9Z1M2_MOUSE_316,LHLVALEMKNKHFNTSMESQE,1
PI42A_MOUSE_91,KENMPSHFKFKEYCPMVFRNL,1
A6NI39_HUMAN_55,RRARGGKAEDKEWMPVTKLGR,1
B2R4U3_HUMAN_121,GNICLDILKEKWSALYDVRTI,1
A4PBT3_MOUSE_92,SEGVPATDIAKRMKSEYQNCA,1
B4DML3_HUMAN_87,FGPQLKNLNKKLFTVVAWDPR,1
B2RQQ1_MOUSE_1453,ALDKKQRNFDKILAEWKQKYE,1
DEGS1_MOUSE_278,VPGKNLPMVRKIASEYYDDLP,1
EMC10_HUMAN_214,RLEMEQAQKAKNPQEQKSFFA,1
LEG9_MOUSE_110,LCFLVQRSEFKVMVNKKFFVQ,1
H0YA96_HUMAN_122,VESIELPMDNKTNKRRGFCFI,1
B2RT97_MOUSE_122,ILCKTAIGALKLNIGDLQATK,1
D3Z656_MOUSE_558,TLQSASSKVLKNMCENFYKYS,1
CP2A4_MOUSE_425,HFLDDKGQFKKSDAFVPFSIG,1
A6NDY9_HUMAN_340,TVLFAGQHIAKSPFEVYVDKS,1
APC7_HUMAN_153,AECYTMLKQDKDAIAILDGIP,1
UB2L6_MOUSE_139,LTQNPEMFRKKAEEFTLKFGV,1
B4DIZ2_HUMAN_81,PKYKQNPEMFKQTARLWAHVY,1
F8WA39_HUMAN_99,PDLRALRDGNKLAQMEEAPLF,1
B4E299_HUMAN_228,ETPEPFAAEAKFFTESRLFQR,1
1433B_HUMAN_51,EERNLLSVAYKNVVGARRSSW,1
KC1AL_HUMAN_130,MISRIEYVHTKNFLHRDIKPD,1
AP1B1_HUMAN_880,LQSSNIFTVAKRNVEGQDMLY,1
3BHS5_MOUSE_350,YQPLVSWEEAKQKTSEWIGTL,1
HS105_HUMAN_194,YKQDLPSLDEKPRIVVFVDMG,1
B9EIE9_MOUSE_173,KKGIGPVYSSKAARSGLRMCD,1
DPYD_MOUSE_89,CLKCADAPCQKSCPTSLDIKS,1
CASP3_MOUSE_57,CIIINNKNFHKSTGMSSRSGT,1
ATLA2_HUMAN_372,IYQGEELPHPKSMLQATAEAN,1
F8WJE0_MOUSE_313,QIMGPPITPVKDSLWPYKGRP,1
A8MT40_HUMAN_99,STARHLTIEQKMADYSNKLYH,1
DDI2_MOUSE_338,KRHQCSIDLKKNVLVIGTTGS,1
B3KXZ2_HUMAN_197,ILQTAEFRTRKEAAWAITNAT,1
A2RTA0_MOUSE_223,DARGIWHNDNKSFLVWVNEED,1
ADCY9_MOUSE_773,YRTSYQEEVIKNSPVKTFASA,1
Q3UK27_MOUSE_206,LQSYDLDHMEKKDHSHTPWIV,1
RASH_MOUSE_101,EDIHQYREQIKRVKDSDDVPM,1
Q6N092_HUMAN_334,VTFTWTPSSGKSAVQGPPDRD,1
G3UW82_MOUSE_1492,RSLGTELFKMKNAYEESLDQL,1
ESYT1_HUMAN_507,LYPPQLKKGNKEPNPMVQLSI,1
A2AUD5_MOUSE_112,VSTAYVKTSEKLGEWNEKVTQ,1
DHB5_MOUSE_75,IRSKIADGTVKREDIFYTSKV,1
G5E9N3_HUMAN_48,KRPPAPLVTDKEARKKVLKQG,1
MARC1_MOUSE_298,SDRKEPLETLKSYRLCDPSEQ,1
G3UXL2_MOUSE_176,TIVSPDAGGAKRVTSIADRLN,1
GNAS2_HUMAN_73,LHVNGFNGDEKATKVQDIKNN,1
B4DF22_HUMAN_929,VALLVETQMKKLEIKLRHFEE,1
B1AU75_MOUSE_684,GASVSMIASRKPTDGASSSNC,1
E7EMC7_HUMAN_189,FSHSRWLRKVKHGHFGWPGWE,1
F6QC57_MOUSE_1044,VFSLVAERRKKFQEIINRSNS,1
STXB1_MOUSE_483,YQLSRWTPIIKDIMEDTIEDK,1
A1L329_MOUSE_406,HWRMKNTGNVKWNTDTKLKFM,1
AGRL2_MOUSE_1436,RRSENEDIYYKSMPNLGAGRH,1
B5BTZ8_HUMAN_77,RQLQGFPFYGKPMRIQYAKTD,1
E7EUY0_HUMAN_3049,YLPYMIRSKLKLLLQGEADQS,1
B3KY39_HUMAN_352,AIDNGLAFPFKHPDEWRAYPF,1
GSTM4_HUMAN_182,PNCLDAFPNLKDFISRFEVSC,1
HV102_HUMAN_42,KPGASVRVSCKASGYTFIDSY,1
A6H663_MOUSE_455,DSFEGKKTDKKYLMIEEYLTK,1
AN32B_MOUSE_101,THLNLSGNNLKDISTLEPLKR,1
A8K0D3_HUMAN_85,GASQFESSAAKLKRKYWWKNC,1
C9JPC0_HUMAN_107,KFLRPHYGKLKEIYENMAPGE,1
B4DZH4_HUMAN_844,QWKERGLGNLKILKNEVNGKP,1
B2R802_HUMAN_98,KTDSDIIAKMKGTFVERDRKR,1
ABCE1_HUMAN_128,TALKILAGKQKPNLGKYDDPP,1
C9JFK2_HUMAN_23,PPPMGKSVPGKYACGLWGLSP,1
HNRL2_MOUSE_568,VVVVPNEEDWKRRLELRKEVE,1
A6H6M8_MOUSE_152,DNYYHEDGGMKPRGIKEAVST,1
Q9UDT1_HUMAN_51,QPLAPSGLTLKSEALRNWQAT,1
CALX_HUMAN_550,GKKQTSGMEYKKTDAPQPDVK,1
ACOD1_MOUSE_337,GLAYDRKKVSKATVLARIKRT,1
F8WJE0_MOUSE_95,FLENRGFREKKVLDIFRDNKI,1
A8K787_HUMAN_199,AAYFGVYDTAKGMLPDPKNVH,1
HV333_HUMAN_76,GRFTISRDNSKRTLYMZMNSL,1
RL21B_YEAST_32,HGAVHMSTYLKIYKVGDIVDI,1
A8DIL0_MOUSE_56,QVDFQLGNSLKPRADVAFHFN,1
A6QRI9_HUMAN_101,LHPFHVIRINKMLSCAGADRS,1
Q3UBN8_MOUSE_189,GYQLKEAPAGKHIITTTRSHS,1
GDIA_MOUSE_437,SAFDFENMKRKQNDVFGEADQ,1
A6NHB7_HUMAN_337,HGRFQTMEEKKAFMGPLKKDR,1
1A01_HUMAN_267,TRPAGDGTFQKWAAVVVPSGE,1
ACTBM_HUMAN_213,TAEQEIVRDIKEKLCYVALDS,1
B7Z1C9_HUMAN_176,SQLVAGVAFKKTFSYAGFEMQ,1
Q5U5W6_MOUSE_52,DEAALDHPYLKQIDPVVLKHC,1
DLG1_HUMAN_690,FSRKFPFYKNKDQSEQETSDA,1
Q570Z8_MOUSE_584,NDVSWSQPGEKKLTGGSNWQP,1
Q7Z4L4_HUMAN_309,RILHNDPEVEKKQGWITVGDL,1
B5MEC5_HUMAN_387,SSLFELAKKTKFNLCRHTVVT,1
A1BN54_MOUSE_741,VENQILTRDAKGISQEQMNEF,1
B2RRH9_MOUSE_182,NIVAGIANESKKLYGVQFHPE,1
Q3UWB9_MOUSE_379,LPQNDLLGHPKTKAFVTHGGA,1
A0A024RD93_HUMAN_247,VTPEGLQMVKKNFEWVAERVE,1
A4D177_HUMAN_50,VVNGKVEYFLKWKGFTDADNT,1
B4E0X8_HUMAN_311,QNDAGVRIQFKPDDGTTPERI,1
A2AB34_HUMAN_161,QISKEYERFSKYMPNVKVAVF,1
B4DF79_HUMAN_178,LIWTSSRNARKSNFSLEDFQH,1
TPP2_MOUSE_61,APGMQVTTDGKPKIIDIIDTT,1
Q3UPW5_MOUSE_158,NMTQEFFRHGKPVNAESQNSV,1
A6NJJ0_HUMAN_194,TLRGLFIIDDKGILRQITLND,1
A8MW50_HUMAN_77,QHGSLFLQTPKIVADKDYSVT,1
Q3TIJ4_MOUSE_83,GSTEITFTPEKIRGGVHTADT,1
A2NUT2_HUMAN_194,TTTPSKQSNNKYAASSYLSLT,1
DCAM2_MOUSE_291,VTTLFVNQSSKCRTVLSSPQK,1
Q0VF55_MOUSE_633,RPRDRDDMVKKIIEPMACDGL,1
LMNB2_MOUSE_470,RFVRLKNSSDKDQSLGNWRIK,1
BAKOR_MOUSE_236,DSAMTSSMVSKLAEARRTTYL,1
A6N6J7_HUMAN_101,KFWEIQGSSLKIPNVERRILD,1
HNRPQ_MOUSE_125,SSKGPDEAKIKALLERTGYTL,1
CISD1_HUMAN_78,KAVYCRCWRSKKFPFCDGAHT,1
A0A024RAI1_HUMAN_254,KYDTDGSKWIKQYTGINAISK,1
Q3U9V1_MOUSE_355,SNMSKYQSNPKVMNLISKLSA,1
A0A087WYL7_HUMAN_236,TKNVQQTVSAKGPPEKRMRLH,1
D3DSQ0_HUMAN_1092,LMRQQNQHPEKPGGKERGSSA,1
E9QKK8_MOUSE_432,IECCIDGHKYKGTTQEVDGLS,1
API5_HUMAN_30,QVGQIRRQAIKELPQFATGEN,1
A2AM56_MOUSE_684,MDEADILADRKVFISNGRLKC,1
B0G0Y1_MOUSE_347,TNPEHQQRCRKEIQSLLGDGA,1
E9QM38_MOUSE_1092,VLGDINTKPKKENIIAFDDMI,1
AIM1L_HUMAN_507,LAVPDHVEDMKAGRVVVADPQ,1
CP2E1_MOUSE_160,EAHFLVEELKKTKGQPFDPTF,1
A8MXQ4_HUMAN_59,ALVDVIEDKLKGEMMDLQHGS,1
A8K787_HUMAN_43,KLLLQVQHASKQISAEKQYKG,1
SYTC2_HUMAN_322,NKFKCRILNEKVNTATTTVYR,1
B4DSA8_HUMAN_70,KIAVMELFRPKGESKGLLFIL,1
F8W8T1_HUMAN_412,GHKILSRKIQKFENQYRGREL,1
A8MQ42_HUMAN_458,NVISAKVFIDKQTNLSKCFGF,1
B4DKD0_HUMAN_983,YKEYHTDTTVKFVVKMTEEKL,1
2B11_HUMAN_254,AGLFIYFRNQKGHSGLQPTGF,1
2AAA_HUMAN_133,DLEAHFVPLVKRLAGGDWFTS,1
D3Z041_MOUSE_114,SNNGPCLGSRKPNQPYEWISY,1
A6NCZ6_HUMAN_75,GITEDQLWRAKYVYDSAFHPD,1
A6NMY3_HUMAN_1027,PDSYATEKALKVSTGPGPADQ,1
B4DF74_HUMAN_673,RCASSNWSERKEGLLGLQNLL,1
2A5B_MOUSE_360,QFVKIQEPLFKQVARCVSSPH,1
J3QKK8_HUMAN_123,SLSILPAALGKPVRDVAAKVV,1
B3KRC6_HUMAN_207,RRRDRAHREIKDIFYKAIQKR,1
Q3UD06_MOUSE_262,ARMTAMDNASKNASDMIDKLT,1
ABCB9_MOUSE_372,TTAEETISAMKTVRSFANEEE,1
B2R6J2_HUMAN_139,AVQAKFGDYNKEVHKSGYLSS,1
SPTCS_MOUSE_812,QTQAFPRYWIKEQDCFKHKSV,1
RING2_HUMAN_251,LVSEKYWKVNKPMELYYAPTK,1
NEP1_MOUSE_59,GASLETVKVGKTYELLNCDRH,1
A2A5Y6_MOUSE_562,QTAPVPMPDLKNVRSKIGSTE,1
HS90A_HUMAN_314,ITNEEYGEFYKSLTNDWEDHL,1
B4DV83_HUMAN_315,DKRDDVLIGLKSTALRFGENT,1
A6NHB7_HUMAN_120,ISDECKRRFYKNWHKSKKKAH,1
B2RQQ1_MOUSE_1786,DTSAHLERMKKNMEQTIKDLQ,1
AP1G2_MOUSE_584,YDHMRAAILEKMPLVERGDPH,1
Q3U6Y0_MOUSE_276,KHKFITRYTKKTSFLTELIDR,1
CTL2_MOUSE_481,AFASYYWAMRKPDDMPAFPLF,1
A0PJI9_HUMAN_813,NFNAQYMKVQKGWIQLEKEGQ,1
E9PUR0_MOUSE_1959,TNSRTPSSVRKQLFACVPKTS,1
Q3TYC4_MOUSE_54,AEKKHKTPPYKFIHMLKGISI,1
PSME4_MOUSE_1294,VVYAGVEEQPKLGRSREDMIE,1
EFHD1_HUMAN_157,SFREFLLIFHKAAAGELQEDS,1
B9EIY3_MOUSE_343,PQKVLWRFDGKTPATLGPNTR,1
A2AQN4_MOUSE_227,FYRGEKLVNLKELADESLEKC,1
Q53HE7_HUMAN_12,MDSQTVGKSSKMLQHIDYRMR,1
TECR_MOUSE_38,TISEIKTLFTKTHPQWYPARQ,1
Q3TW74_MOUSE_553,KITIGQSPTEKGHTRTAQFDI,1
PHLA1_MOUSE_155,MLENSGCKALKEGVLEKRSDG,1
Q0PD56_MOUSE_130,ETFARAKTWVKELQRQASPSI,1
B2R5P6_HUMAN_68,TCVNVGCIPKKLMHQAALLGQ,1
D3YW52_MOUSE_866,NSHCICGNERKTVSWAVTPKS,1
CACB1_HUMAN_261,PHGKRIPFFKKTEHVPPYDVV,1
F2Z408_MOUSE_571,QLYTNYQEALKRTESAYDWTS,1
E41L3_MOUSE_146,KRSRGQVLFDKVCEHLNLLEK,1
C9J3R0_HUMAN_197,GVIGLLEPMKKSMVPVQVQLD,1
B2RSC8_MOUSE_484,GRVFFINHNIKKTQWEDPRLQ,1
MLEC_MOUSE_245,EEEYDEGSNLKRQTNKNRVQS,1
B4DEP8_HUMAN_135,NEEPYGHLNPKWTKWLQKQCC,1
MIRO1_HUMAN_645,NSDLLQSVKNKIFTAVLNRHV,1
SUH_MOUSE_341,IIQFQATPCPKEQNKEMINDG,1
E9Q3G8_MOUSE_295,QAPVRRQMKAKQLNAQSYGVT,1
B0YJ74_HUMAN_29,FQVEYAQEAVKKGSTAVGIRG,1
B1AMP9_HUMAN_834,PRTRNMDLGLKDGGSYEQYRG,1
Q3UEN8_MOUSE_141,ALLSPTFTSGKLKEMFPVIEQ,1
B2RRY8_MOUSE_63,IKFFPYGDASKFAQHAFRTFD,1
A8K5I0_HUMAN_126,PEEISSMVLTKMKEIAEAYLG,1
Q6ZQG1_MOUSE_128,KNVQQHEKIQKASSEGVAIQG,1
Q3TW36_MOUSE_1002,AVVEGGLRARKLEELIRGAQC,1
B7ZNJ9_MOUSE_375,DCTFYCADSEKQKLEEQYRQE,1
FA49B_HUMAN_308,GLLNALRYTTKHLNDETTSKQ,1
A8MSH7_HUMAN_496,AFTSKLEGMFKDMELSKDIMV,1
A6PVD2_HUMAN_29,HNAELSKTLGKLWRLLNESDK,1
G3X972_MOUSE_1059,MKLIVVKQEDKLEMLFKHFLV,1
B8Y929_HUMAN_107,RDWLRVVANSKESYELRYFQI,1
AMPD1_MOUSE_188,FYPVFTPPPKKGEDPFRTEDL,1
A8K6A2_HUMAN_142,MPQNPHIIATKTPSSDVLVFN,1
AP4B1_HUMAN_116,LRSMCSLRMSKLDQWGQAEVL,1
A2AFQ0_MOUSE_3245,SESELCIETPKLSTSEERGKK,1
A3KGQ6_MOUSE_69,AALRNSPINTKNQAVKERAQG,1
AMZ2L_HUMAN_28,KNPVLVSQYEKVDAGEQRLMN,1
A6NE75_HUMAN_33,LNYILTEQHSKRVAVILNEFG,1
ZDHC5_HUMAN_224,GRTTNEQVTGKFRGGVNPFTN,1
B2R6S5_HUMAN_58,KGTQCARIVEKYGYTHLSAGE,1
Q6A0F1_MOUSE_303,TGANVIVTGGKVADIALHYAN,1
SERC_HUMAN_311,MNIPFRIGNAKGDDALEKRFL,1
UBP33_MOUSE_34,QKSLGACQDCKVRGPNLWACL,1
MPRIP_HUMAN_344,GRSEKRAFPRKRPDLLNFKKG,1
WRIP1_MOUSE_503,EHYNCISALHKAMRGSDQNAS,1
A6ZI44_MOUSE_384,NLKAAQEEYIKRALANSLACQ,1
A1L195_HUMAN_324,AAIFRGRMSMKEVDEQMLNVQ,1
A2AQN4_MOUSE_431,TAPTAIRMLMKFGDDPVTKHS,1
1A01_HUMAN_292,TCHVQHEGLPKPLTLRWELSS,1
VAC14_MOUSE_170,LLKDIVTESSKFDLVSFIPLL,1
Q9D1F0_MOUSE_102,NDYNGFLNEMKRVFGWEEDED,1
SC31A_MOUSE_487,KVNFEEDSRGKYLELLGYRKE,1
A8CGI3_HUMAN_94,FYEEVHDLERKYAALYQPLFD,1
Q3V386_MOUSE_162,TDPSYFFDLWKEKMLQDTEDK,1
B7Z4H7_HUMAN_102,PDTRTESWHTKPSMLTQRCSH,1
Q8K1X5_MOUSE_146,LVVDPRRPFRKLNAFGNAFLN,1
E9QM38_MOUSE_937,GQEELLSSQEKSPGTKDVVVN,1
TMOD2_MOUSE_81,MYLEKEALEQKDREDFVPFTG,1
A0A087WT22_HUMAN_161,NNTSSSPQPKKKPLDGEYFTL,1
B4E2Y4_HUMAN_175,ATRILFFNTPKKMTDYAKKVA,1
MP2K4_MOUSE_52,LKLNFANPPVKSTARFTLNPN,1
Q9H552_HUMAN_112,AVCTQEKEQIKTLNNKFASFI,1
MED12_MOUSE_1000,FGELFSDFCSKVKNTIYCNVE,1
Q7TMQ1_MOUSE_345,FDFPDDSQNAKKVAAGHELQP,1
C9K0H5_HUMAN_1283,ITPDMTLQNMKGTERVWLWTA,1
A6NNF5_HUMAN_282,QDYFNGRDLNKSINPDEAVAY,1
B4DMR0_HUMAN_59,IGKGSFGEVFKGIDNRTQKVV,1
A1BN54_MOUSE_31,RDLLLDPAWEKQQRKTFTAWC,1
F8VQ28_MOUSE_125,EHVYSFPNKQKSAEPSPTVMS,1
Q69ZW4_MOUSE_884,NPQQEVQNIFKAKHPMDTEIT,1
COQ8A_MOUSE_311,ADFMPLKQMTKTLNSDLGPHW,1
B3KRC6_HUMAN_288,TLQKKCYLEQKTVCGENLPPL,1
ACLY_HUMAN_286,DATADYICKVKWGDIEFPPPF,1
Q5FWJ7_MOUSE_183,RLRDADANLGKSSRILTGMLR,1
INT7_MOUSE_929,KTGPRTTMFVKSLEDPYSQQI,1
A0A140VJS9_HUMAN_158,YDECKRRYNIKLWKTFTDCFN,1
B2RCM3_HUMAN_26,EGLGSHERAIKYLNQDYEALR,1
MARC1_MOUSE_73,QLWIYPIKSCKGLSVSEAECT,1
Q14AZ9_MOUSE_214,CSSDEKAAFLKSIGCDRPINY,1
D3YW52_MOUSE_1205,WQRPGDVQKVKALSFYQPRAP,1
B2R8F2_HUMAN_46,VLRNDSYTLHKILPNKVDSLV,1
FLRT3_MOUSE_98,GIPSDLKNLLKVQRIYLYHNS,1
A3KGU7_MOUSE_1834,AIQGVLDTGKKLSDDNTIGQE,1
EIF1B_HUMAN_91,EVIQLQGDQRKNICQFLLEVG,1
EEA1_MOUSE_1254,TTLNENLGTVKKEWQSSQRRV,1
A2AE27_MOUSE_479,KEVMADLEESKYQNAELRLSI,1
A2CEL1_MOUSE_149,GREPDLSSDIKERFAQLCEKH,1
F8WGU9_MOUSE_143,LNGQSWFQHRKMLTPAFHYDI,1
ACACA_MOUSE_824,IAKMQLDNPSKVQQAELHTGS,1
Q3UDQ8_MOUSE_990,DKIQMTWTRDKYMAEPWDPSH,1
SKIL_HUMAN_423,VSLTSAVSQSKELTKTEANAA,1
UGDH_MOUSE_207,AVYEHWVPKEKILTTNTWSSE,1
B3KWR2_HUMAN_356,LLSSPKESIKKEACWTISNIT,1
Q3U4W8_MOUSE_406,SGDGEQVPEQKEVQDGIAPRM,1
AT1A3_MOUSE_26,AKERRDLDDLKKEVAMTEHKM,1
B3KQA0_HUMAN_56,HGRAYLRNRSKLWEMDNMLIQ,1
Q3UGI2_MOUSE_95,FSDSDDTVVAKRHPALSAIIR,1
MTOR_MOUSE_1465,EWEDALVAYDKKMDTNKEDPE,1
B2RTL5_MOUSE_36,NNEWHDSVSSKKFPVLNPATE,1
A2A8T1_MOUSE_283,LQDEGELENIKKKRRLDFLDI,1
GNAL_HUMAN_203,GIFETRFQVDKVNFHMFDVGG,1
Q3TBE9_MOUSE_39,DKLQLLSLVTKKKRYWCWQRP,1
A9UGK3_MOUSE_62,PLPRSWSPKDKYNYIGLSQGN,1
A8MT34_HUMAN_81,EIESCKLVRDKITGQSLGYGF,1
ACACA_MOUSE_915,VSGRIPLNVEKSIKKEMAQYA,1
PDE1A_MOUSE_46,YKYLIGEQTEKMWQRLKGILR,1
A2ACM0_MOUSE_1008,VRKQAQQVIQKGITRLDDQIF,1
B2RQV1_MOUSE_244,KCMAMYKKLSKWPECNALSRR,1
A1L195_HUMAN_297,PELTQQMFDSKNMMAACDPRH,1
F8VQD7_MOUSE_1080,IDSMLQQIKDKSTVNVLGFLK,1
B9EJ24_MOUSE_380,SDNAGRYTYSKQPQVCKWNLQ,1
FHL2_HUMAN_277,QHAMQCVQCKKPITTGGVTYR,1
NSMA3_MOUSE_413,YLQPWRYAPEKQAQGSDPQPR,1
AT2B1_HUMAN_64,GDVYGICTKLKTSPNEGLSGN,1
Q4LE79_HUMAN_94,TSRMYYSRRGKITDQNSDGYC,1
AMOL1_HUMAN_195,NEELPTYEEAKAQSQFFRGQQ,1
GNA12_HUMAN_105,SEFQLNYFPSKQDILLARKAT,1
A0PJ76_HUMAN_78,HHFRSIDPGLKEDTLEFLIKV,1
A2AN37_MOUSE_87,LTAEQKAKALKGQYNFDHPDA,1
EDRF1_MOUSE_694,MKLQLILKSSKAYYILSDAAM,1
Q7TMQ1_MOUSE_264,LSPSKDCGSPKYAYFNGCSSP,1
A2A841_MOUSE_417,QADLEFLENAKKLSMYGVDLH,1
A8MST3_HUMAN_12,ATKAESNGPVKVWGSIKGLTE,1
A8MYX5_HUMAN_44,TLKMIRQGKAKLVILANNCPA,1
B2RQQ1_MOUSE_352,FTAEEKAGVYKLTGAIMHYGN,1
ARFG2_MOUSE_358,GTFASGPPKYKDNPFSLGETF,1
A5D6P3_MOUSE_1499,MDYTRVIVLDKGEVRECGAPS,1
AT2A2_HUMAN_128,ALKEYEPEMGKVYRQDRKSVQ,1
A2A4P4_MOUSE_292,VAAIEQSVNQKIRDRLPVSVR,1
TSA1_YEAST_14,QVQKQAPTFKKTAVVDGVFDE,1
A8K3R3_HUMAN_317,KCSKHIFNAIKITKNEPASAD,1
A8MSU4_HUMAN_166,KMVKVASLLVKRTPRSVGYKP,1
C9K101_MOUSE_298,LKKLLVLNPIKRGSLEQIMKD,1
A2ARD6_MOUSE_94,VRTYLEEELDKWAKMGAYGHD,1
A8K9Y7_HUMAN_199,RDRMIQVYFPKEGRKILTPIV,1
TRIPC_MOUSE_1081,KSSFLASLNPKTWGRLSAQSN,1
A0A0S2Z3H3_HUMAN_272,AKDEGAKAFFKGAWSNVLRGM,1
B9EG90_HUMAN_587,LQDLMEGLTAKVFRTHNASIT,1
GNPI2_HUMAN_50,PTGSTPLGCYKKLIEYHKNGH,1
A0MNP4_MOUSE_97,HIRLWDLENGKQMKSIDAGPV,1
B3KMB3_HUMAN_11,MTTSSIRRQMKNIVNNYSEAE,1
TITIN_MOUSE_21990,SVSLTWTDPKKTGGSPITGYH,1
A2RRJ4_MOUSE_610,VRRHACSSINKMCRDYPDLVL,1
Q69ZN0_MOUSE_86,VFLEESSQQEKLAKEWCFKPC,1
B5BU78_HUMAN_151,FNSKQLLYLEKYRPKMRLRFK,1
B4DHX4_HUMAN_253,IMENGKVVGVKSEGEVARCKQ,1
E9Q0H6_MOUSE_22,TDSQNFDEYMKALGVGFATRQ,1
H2B1A_HUMAN_48,SYSIYIYKVLKQVHPDTGISS,1
SPTB2_MOUSE_924,QLMHNGHPSEKEIRAQQDKLN,1
2A5D_HUMAN_232,ESPDFQPNIAKKYIDQKFVLA,1
MO4L1_HUMAN_339,YLHDFLKYLAKNSATLFSASD,1
F6X838_HUMAN_145,TMLQAIERYMKQAIVDKVSSV,1
E9QPD7_MOUSE_590,ATRVRTHDLKKIAPYVAHNFN,1
AHNK_HUMAN_1396,KMPKFSMPGFKGEGPEVDVKL,1
DPYD_MOUSE_709,RQAVRVPFFAKLTPNVTDIVS,1
KHDR1_MOUSE_102,TAAVKMEPENKYLPELMAEKD,1
C9JCK5_HUMAN_22,TFRVLVHRARKLAQQYYLVYQ,1
PDXL2_MOUSE_532,NCWQRRMPKLKHVSHGEELRF,1
B7U582_MOUSE_160,YFNDSQRQATKDAGTITGLNV,1
ARIP4_HUMAN_1126,IFAVRATGKPKVPEDGRMAAS,1
Q3U8R7_MOUSE_832,SINFDNPVYQKTTEDELHICR,1
A0A087WT22_HUMAN_133,RRTEEENLRKKGEPHHELPPG,1
ARI1_HUMAN_144,LLSHFNWDKEKLMERYFDGNL,1
C9J8W7_HUMAN_50,GTDNRVRRRFKGQILMPNIGY,1
BRK1_MOUSE_31,YIEIITSSIKKISDFLNSFDM,1
B4DDK3_HUMAN_213,GIAWWTDKNVKFRNPPGGDNL,1
A6NEC7_HUMAN_200,VTSETGSTFKKFFTQGWAGWR,1
AT12A_HUMAN_640,MVTGDHPITAKAIAKSVGIIS,1
B2RT97_MOUSE_31,VWHRLEELYTKKLWHQLTLEV,1
ACSL4_HUMAN_587,LQAGEYVSLGKVEAALKNCPL,1
B5M450_HUMAN_544,PKSVPSQEKRKIPVFHNGSTP,1
A8MUD9_HUMAN_162,HEIYTVGKRFKEANNFLWPFK,1
Q3TI84_MOUSE_553,KCYDFDVHTMKTLKNIISPPW,1
ADK_MOUSE_62,NDQILAEDKHKELFDELVKKF,1
A0A024R1P2_HUMAN_147,ITYPQGLALAKEIDSVKYLEC,1
E9PV03_MOUSE_1795,AEKKQNRIHWKLANVENYSRM,1
TRY3_HUMAN_149,EGNEQFINAAKIIRHPKYNRD,1
A2AB31_HUMAN_163,LSKEIRPVCRKFMQDPMEIFV,1
NAT8_MOUSE_135,RPVKDPPLGRKQLQLFRLSVS,1
TRI37_MOUSE_411,FQVRSPTFFQKCRDQHWYITQ,1
B1AKJ5_HUMAN_352,FQFDVQRKYFKEALDRWAQFF,1
AL1A1_MOUSE_398,SNVTDEMRIAKEEIFGPVQQI,1
AOXC_MOUSE_17,SDELIFFVNGKKVTERNADPE,1
A2ARD6_MOUSE_158,SFFKPTPKRHKILLEAKAFPS,1
B2R8P1_HUMAN_33,GTTEEDGVPSKVQRCAVGLRQ,1
IFM2_MOUSE_87,YAYSVKSRDRKMVGDVVGAQA,1
AIMP1_HUMAN_24,RFMIFCRLLAKMANNDAVLKR,1
Q571M2_MOUSE_764,EDQPKQVYVDKLAELKSLGQP,1
A0A024RBE8_HUMAN_208,TLRDAAPKMYKEEGLKAFYKG,1
PLEC_MOUSE_3060,EKATVSAPFGKFQGRTVTIWE,1
CLP1L_HUMAN_316,KNDISFWKKKKSMIGMSTKLW,1
B4DM22_HUMAN_160,YVWHLAGEVAKEWQELDDAEK,1
KLF13_HUMAN_244,KRFMRSDHLTKHARRHANFHP,1
C9JAA5_HUMAN_117,GSGMGTLLLSKIREEYPDRII,1
MYO1C_MOUSE_618,LLQLVEILRSKEPAYIRCIKP,1
B2R7P8_HUMAN_66,GFPEMLGGRVKTLHPAVRAGI,1
KI67_HUMAN_142,DPDESEGIPLKRRRVSFGGHL,1
A2A517_MOUSE_93,GRKKFNMDPKKGIQFLIENGL,1
AP2M1_HUMAN_380,IELLPTNDKKKWARPPISMNF,1
A6NEC0_HUMAN_43,KLRYANNSNYKNDVMIRKEEL,1
UBP37_HUMAN_452,EDMEKLNKTWKTEPISGEENS,1
P4R3A_HUMAN_566,LRFKRKIIGLKDEFYNRYIMK,1
ARP3_HUMAN_361,EELSGGRLKPKPIDVQVITHH,1
Q80X81_MOUSE_124,VVAGGMENMSKAPHLTHLRTG,1
E9Q6V0_MOUSE_87,ARFCQKLNRLKPLEESSMETS,1
B0QZL1_MOUSE_92,VNVVEQEKIDKLMIEMDGTEN,1
A8K1C6_HUMAN_381,ARHHRLHTGEKPYKCEECDKV,1
C9JWY1_HUMAN_14,ANDTDPRVLEKQELQQPTYVA,1
A6NC16_HUMAN_116,FPCCRGSSKSKVGAWGDYDDS,1
B4DMN1_HUMAN_224,LTEIYRIVSQKQMSDRRENDT,1
STX3_MOUSE_58,KISEHVEEAKKLYSIILSAPI,1
A2A7S7_MOUSE_549,AQWKQTNFMTKLGFVSCKSLK,1
C9JJK6_HUMAN_445,TGYDGVKRWTKNVDIFNKELL,1
B4DMY3_HUMAN_102,KFGEVVDCTIKMDPNTGRSRG,1
B9EHN0_MOUSE_443,PEDKEALTEEKCLPRQNRYDG,1
A7E244_HUMAN_137,GKVKLQQNPGKFDELDMKPGD,1
A0A024R9C1_HUMAN_104,RKSGVGNIFIKNLDKSIDNKA,1
B2RQQ1_MOUSE_764,DHNQYKFGHTKVFFKAGLLGL,1
UBE3C_MOUSE_63,QSFIRGYRDRKQQYFIQRSAF,1
B4DRV9_HUMAN_107,ESTGVFTTMEKAGAHLQGGAK,1
PPIH_HUMAN_18,RRKDGVPIGYKGSTFHRVIKD,1
A8K588_HUMAN_165,SYSDMKRALDKLDGTEINGRN,1
B3KNI2_HUMAN_62,VPENSSVQQFKEEISKRFKSH,1
RENR_HUMAN_107,PLENRVYMVGKANSVFEDLSV,1
B2RX08_MOUSE_105,LSGEMLPRPTKGKMRIHCLEN,1
Q3U8B3_MOUSE_625,SRIKATVMDVKPVDFRDYGRR,1
D3Z183_MOUSE_20,LTDDEEEQKRKYVLADPFNGI,1
B2RSC8_MOUSE_278,VNHESRRTQWKRPSPDDDLTD,1
Q3U8R9_MOUSE_121,PGSNEDADIPKGYMDLMPFIN,1
B4DU15_HUMAN_942,QHKFASNVVEKCVTHASRTER,1
B9EHS3_MOUSE_241,SVYSPESSVRKTGSYIYEEFM,1
NHRF2_MOUSE_169,QGYGFNLHSDKSRPGQYIRSV,1
A2APM2_MOUSE_753,KSQEMVHLVNKEPSETPDQCM,1
B4DMQ9_HUMAN_490,KQWKTWQGHMKATQSYLQEKV,1
B1ART2_MOUSE_3968,VEKYDENIHEKTAEQGGTPTR,1
A4D1R6_HUMAN_42,SLVIEHIQVNKAPKMRRRIDR,1
CS2IP_MOUSE_251,KAKPVRSHNSKCLKKGKRETS,1
1A01_HUMAN_200,DGLRRYLENGKETLQRTDPPK,1
B7Z4L9_HUMAN_238,PRMDFAAKLMKNIRFPLMTPQ,1
G5E8T9_MOUSE_279,TYNPFMRVKEKTVQQHAGETD,1
A1BN54_MOUSE_195,RHRPELIDYGKLRKDDPLTNL,1
